"","Rank1","Rank2","Rank3","Rank4","Rank5","Rank6","Rank7","Rank"
"4454356","k__Bacteria","p__Proteobacteria","c__Betaproteobacteria","o__Neisseriales","f__Neisseriaceae","g__Neisseria","s__","p__Proteobacteria_c__Betaproteobacteria_o__Neisseriales_f__Neisseriaceae_g__Neisseria_s__"
"1081058","k__Bacteria","p__Firmicutes","c__Bacilli","o__Bacillales","f__Staphylococcaceae","g__Staphylococcus","s__","p__Firmicutes_c__Bacilli_o__Bacillales_f__Staphylococcaceae_g__Staphylococcus_s__"
"4465907","k__Bacteria","p__Firmicutes","c__Clostridia","o__Clostridiales","f__Lachnospiraceae","g__Blautia","s__","p__Firmicutes_c__Clostridia_o__Clostridiales_f__Lachnospiraceae_g__Blautia_s__"
"963239","k__Bacteria","p__Firmicutes","c__Bacilli","o__Lactobacillales","f__Aerococcaceae","g__Facklamia","s__","p__Firmicutes_c__Bacilli_o__Lactobacillales_f__Aerococcaceae_g__Facklamia_s__"
"4305923","k__Bacteria","p__Tenericutes","c__Mollicutes","o__RF39","f__","g__","s__","p__Tenericutes_c__Mollicutes_o__RF39_f___g___s__"
"1142026","k__Bacteria","p__[Thermi]","c__Deinococci","o__Deinococcales","f__Deinococcaceae","g__Deinococcus","s__geothermalis","p__[Thermi]_c__Deinococci_o__Deinococcales_f__Deinococcaceae_g__Deinococcus_s__geothermalis"
"1142029","k__Bacteria","p__Actinobacteria","c__Actinobacteria","o__Bifidobacteriales","f__Bifidobacteriaceae","g__Bifidobacterium","s__","p__Actinobacteria_c__Actinobacteria_o__Bifidobacteriales_f__Bifidobacteriaceae_g__Bifidobacterium_s__"
"4480529","k__Bacteria","p__Firmicutes","c__Clostridia","o__Clostridiales","f__Lachnospiraceae","g__Dorea","s__","p__Firmicutes_c__Clostridia_o__Clostridiales_f__Lachnospiraceae_g__Dorea_s__"
"4469090","k__Bacteria","p__Bacteroidetes","c__[Rhodothermi]","o__[Rhodothermales]","f__Rhodothermaceae","g__Rubricoccus","s__","p__Bacteroidetes_c__[Rhodothermi]_o__[Rhodothermales]_f__Rhodothermaceae_g__Rubricoccus_s__"
"1141218","k__Bacteria","p__Actinobacteria","c__Coriobacteriia","o__Coriobacteriales","f__Coriobacteriaceae","g__Eggerthella","s__","p__Actinobacteria_c__Coriobacteriia_o__Coriobacteriales_f__Coriobacteriaceae_g__Eggerthella_s__"
"4413214","k__Bacteria","p__Proteobacteria","c__Alphaproteobacteria","o__","f__","g__","s__","p__Proteobacteria_c__Alphaproteobacteria_o___f___g___s__"
"248902","k__Bacteria","p__Firmicutes","c__Bacilli","o__Turicibacterales","f__Turicibacteraceae","g__Turicibacter","s__","p__Firmicutes_c__Bacilli_o__Turicibacterales_f__Turicibacteraceae_g__Turicibacter_s__"
"4394973","k__Bacteria","p__Proteobacteria","c__Gammaproteobacteria","o__Thiotrichales","f__Piscirickettsiaceae","g__Methylophaga","s__","p__Proteobacteria_c__Gammaproteobacteria_o__Thiotrichales_f__Piscirickettsiaceae_g__Methylophaga_s__"
"4409730","k__Bacteria","p__Firmicutes","c__Clostridia","o__Clostridiales","f__Peptostreptococcaceae","g__","s__","p__Firmicutes_c__Clostridia_o__Clostridiales_f__Peptostreptococcaceae_g___s__"
"1591562","k__Bacteria","p__Firmicutes","c__Erysipelotrichi","o__Erysipelotrichales","f__Erysipelotrichaceae","g__RFN20","s__","p__Firmicutes_c__Erysipelotrichi_o__Erysipelotrichales_f__Erysipelotrichaceae_g__RFN20_s__"
"4472202","k__Bacteria","p__Firmicutes","c__Clostridia","o__Clostridiales","f__Lachnospiraceae","g__[Ruminococcus]","s__","p__Firmicutes_c__Clostridia_o__Clostridiales_f__Lachnospiraceae_g__[Ruminococcus]_s__"
"101021","k__Bacteria","p__Proteobacteria","c__Gammaproteobacteria","o__Aeromonadales","f__Succinivibrionaceae","g__","s__","p__Proteobacteria_c__Gammaproteobacteria_o__Aeromonadales_f__Succinivibrionaceae_g___s__"
"4449055","k__Bacteria","p__Bacteroidetes","c__Bacteroidia","o__Bacteroidales","f__Bacteroidaceae","g__Bacteroides","s__plebeius","p__Bacteroidetes_c__Bacteroidia_o__Bacteroidales_f__Bacteroidaceae_g__Bacteroides_s__plebeius"
"137183","k__Bacteria","p__Actinobacteria","c__Actinobacteria","o__Bifidobacteriales","f__Bifidobacteriaceae","g__Gardnerella","s__","p__Actinobacteria_c__Actinobacteria_o__Bifidobacteriales_f__Bifidobacteriaceae_g__Gardnerella_s__"
"165118","k__Bacteria","p__Bacteroidetes","c__Bacteroidia","o__Bacteroidales","f__[Paraprevotellaceae]","g__Paraprevotella","s__","p__Bacteroidetes_c__Bacteroidia_o__Bacteroidales_f__[Paraprevotellaceae]_g__Paraprevotella_s__"
"300662","k__Bacteria","p__Firmicutes","c__Clostridia","o__Clostridiales","f__Clostridiaceae","g__Sarcina","s__","p__Firmicutes_c__Clostridia_o__Clostridiales_f__Clostridiaceae_g__Sarcina_s__"
"4468965","k__Bacteria","p__Proteobacteria","c__Alphaproteobacteria","o__Rickettsiales","f__mitochondria","g__Gyrocarpus","s__americanus","p__Proteobacteria_c__Alphaproteobacteria_o__Rickettsiales_f__mitochondria_g__Gyrocarpus_s__americanus"
"591285","k__Bacteria","p__Actinobacteria","c__Actinobacteria","o__Bifidobacteriales","f__Bifidobacteriaceae","g__Bifidobacterium","s__longum","p__Actinobacteria_c__Actinobacteria_o__Bifidobacteriales_f__Bifidobacteriaceae_g__Bifidobacterium_s__longum"
"4438545","k__Bacteria","p__Proteobacteria","c__Alphaproteobacteria","o__Sphingomonadales","f__Sphingomonadaceae","g__","s__","p__Proteobacteria_c__Alphaproteobacteria_o__Sphingomonadales_f__Sphingomonadaceae_g___s__"
"4424063","k__Bacteria","p__Firmicutes","c__Clostridia","o__Clostridiales","f__Lachnospiraceae","g__Dorea","s__formicigenerans","p__Firmicutes_c__Clostridia_o__Clostridiales_f__Lachnospiraceae_g__Dorea_s__formicigenerans"
"192142","k__Bacteria","p__Actinobacteria","c__Actinobacteria","o__Actinomycetales","f__Actinomycetaceae","g__Arcanobacterium","s__","p__Actinobacteria_c__Actinobacteria_o__Actinomycetales_f__Actinomycetaceae_g__Arcanobacterium_s__"
"4453535","k__Bacteria","p__Firmicutes","c__Bacilli","o__Gemellales","f__Gemellaceae","g__","s__","p__Firmicutes_c__Bacilli_o__Gemellales_f__Gemellaceae_g___s__"
"4457438","k__Bacteria","p__Firmicutes","c__Clostridia","o__Clostridiales","f__Lachnospiraceae","g__","s__","p__Firmicutes_c__Clostridia_o__Clostridiales_f__Lachnospiraceae_g___s__"
"1121144","k__Bacteria","p__Proteobacteria","c__Gammaproteobacteria","o__Xanthomonadales","f__Sinobacteraceae","g__","s__","p__Proteobacteria_c__Gammaproteobacteria_o__Xanthomonadales_f__Sinobacteraceae_g___s__"
"299576","k__Bacteria","p__Actinobacteria","c__Actinobacteria","o__Actinomycetales","f__Corynebacteriaceae","g__Corynebacterium","s__variabile","p__Actinobacteria_c__Actinobacteria_o__Actinomycetales_f__Corynebacteriaceae_g__Corynebacterium_s__variabile"
"869796","k__Bacteria","p__Firmicutes","c__Clostridia","o__Clostridiales","f__[Tissierellaceae]","g__","s__","p__Firmicutes_c__Clostridia_o__Clostridiales_f__[Tissierellaceae]_g___s__"
"73609","k__Bacteria","p__Firmicutes","c__Bacilli","o__Lactobacillales","f__Lactobacillaceae","g__Lactobacillus","s__zeae","p__Firmicutes_c__Bacilli_o__Lactobacillales_f__Lactobacillaceae_g__Lactobacillus_s__zeae"
"220679","k__Bacteria","p__Bacteroidetes","c__Bacteroidia","o__Bacteroidales","f__Porphyromonadaceae","g__Paludibacter","s__","p__Bacteroidetes_c__Bacteroidia_o__Bacteroidales_f__Porphyromonadaceae_g__Paludibacter_s__"
"4481861","k__Bacteria","p__Actinobacteria","c__Actinobacteria","o__Bifidobacteriales","f__Bifidobacteriaceae","g__","s__","p__Actinobacteria_c__Actinobacteria_o__Bifidobacteriales_f__Bifidobacteriaceae_g___s__"
"836917","k__Bacteria","p__Bacteroidetes","c__Bacteroidia","o__Bacteroidales","f__Marinilabiaceae","g__Cytophaga","s__xylanolytica","p__Bacteroidetes_c__Bacteroidia_o__Bacteroidales_f__Marinilabiaceae_g__Cytophaga_s__xylanolytica"
"4365130","k__Bacteria","p__Bacteroidetes","c__Bacteroidia","o__Bacteroidales","f__Porphyromonadaceae","g__Parabacteroides","s__distasonis","p__Bacteroidetes_c__Bacteroidia_o__Bacteroidales_f__Porphyromonadaceae_g__Parabacteroides_s__distasonis"
"174174","k__Bacteria","p__Firmicutes","c__Clostridia","o__Clostridiales","f__Clostridiaceae","g__02d06","s__","p__Firmicutes_c__Clostridia_o__Clostridiales_f__Clostridiaceae_g__02d06_s__"
"2532173","k__Bacteria","p__Firmicutes","c__Clostridia","o__Clostridiales","f__Lachnospiraceae","g__Roseburia","s__faecis","p__Firmicutes_c__Clostridia_o__Clostridiales_f__Lachnospiraceae_g__Roseburia_s__faecis"
"4353790","k__Bacteria","p__Proteobacteria","c__Gammaproteobacteria","o__","f__","g__","s__","p__Proteobacteria_c__Gammaproteobacteria_o___f___g___s__"
"4458306","k__Bacteria","p__Firmicutes","c__Clostridia","o__Clostridiales","f__Veillonellaceae","g__Veillonella","s__dispar","p__Firmicutes_c__Clostridia_o__Clostridiales_f__Veillonellaceae_g__Veillonella_s__dispar"
"89212","k__Bacteria","p__Proteobacteria","c__Alphaproteobacteria","o__Sphingomonadales","f__Sphingomonadaceae","g__Novosphingobium","s__","p__Proteobacteria_c__Alphaproteobacteria_o__Sphingomonadales_f__Sphingomonadaceae_g__Novosphingobium_s__"
"4471067","k__Bacteria","p__Proteobacteria","c__Alphaproteobacteria","o__Rhizobiales","f__Rhizobiaceae","g__","s__","p__Proteobacteria_c__Alphaproteobacteria_o__Rhizobiales_f__Rhizobiaceae_g___s__"
"542066","k__Bacteria","p__Actinobacteria","c__Actinobacteria","o__Actinomycetales","f__","g__","s__","p__Actinobacteria_c__Actinobacteria_o__Actinomycetales_f___g___s__"
"288889","k__Bacteria","p__Bacteroidetes","c__Bacteroidia","o__Bacteroidales","f__Bacteroidaceae","g__5-7N15","s__","p__Bacteroidetes_c__Bacteroidia_o__Bacteroidales_f__Bacteroidaceae_g__5-7N15_s__"
"21464","k__Bacteria","p__Firmicutes","c__Clostridia","o__Clostridiales","f__Ruminococcaceae","g__Oscillospira","s__guilliermondii","p__Firmicutes_c__Clostridia_o__Clostridiales_f__Ruminococcaceae_g__Oscillospira_s__guilliermondii"
"189997","k__Bacteria","p__Actinobacteria","c__Coriobacteriia","o__Coriobacteriales","f__Coriobacteriaceae","g__Collinsella","s__","p__Actinobacteria_c__Coriobacteriia_o__Coriobacteriales_f__Coriobacteriaceae_g__Collinsella_s__"
"332450","k__Bacteria","p__Firmicutes","c__Clostridia","o__Clostridiales","f__Lachnospiraceae","g__Coprococcus","s__eutactus","p__Firmicutes_c__Clostridia_o__Clostridiales_f__Lachnospiraceae_g__Coprococcus_s__eutactus"
"4335321","k__Bacteria","p__Spirochaetes","c__Spirochaetes","o__Spirochaetales","f__Spirochaetaceae","g__Treponema","s__","p__Spirochaetes_c__Spirochaetes_o__Spirochaetales_f__Spirochaetaceae_g__Treponema_s__"
"246717","k__Bacteria","p__Proteobacteria","c__Epsilonproteobacteria","o__Campylobacterales","f__Campylobacteraceae","g__Campylobacter","s__","p__Proteobacteria_c__Epsilonproteobacteria_o__Campylobacterales_f__Campylobacteraceae_g__Campylobacter_s__"
"4304056","k__Bacteria","p__Proteobacteria","c__Alphaproteobacteria","o__Rhizobiales","f__Rhizobiaceae","g__Agrobacterium","s__","p__Proteobacteria_c__Alphaproteobacteria_o__Rhizobiales_f__Rhizobiaceae_g__Agrobacterium_s__"
"4469032","k__Bacteria","p__Firmicutes","c__Bacilli","o__Lactobacillales","f__","g__","s__","p__Firmicutes_c__Bacilli_o__Lactobacillales_f___g___s__"
"1139117","k__Bacteria","p__Actinobacteria","c__Actinobacteria","o__Actinomycetales","f__Micrococcaceae","g__Kocuria","s__palustris","p__Actinobacteria_c__Actinobacteria_o__Actinomycetales_f__Micrococcaceae_g__Kocuria_s__palustris"
"4434334","k__Bacteria","p__Firmicutes","c__Clostridia","o__Clostridiales","f__Clostridiaceae","g__","s__","p__Firmicutes_c__Clostridia_o__Clostridiales_f__Clostridiaceae_g___s__"
"2304693","k__Bacteria","p__Proteobacteria","c__Gammaproteobacteria","o__Enterobacteriales","f__Enterobacteriaceae","g__Serratia","s__marcescens","p__Proteobacteria_c__Gammaproteobacteria_o__Enterobacteriales_f__Enterobacteriaceae_g__Serratia_s__marcescens"
"43373","k__Bacteria","p__Spirochaetes","c__[Brachyspirae]","o__[Brachyspirales]","f__Brachyspiraceae","g__Brachyspira","s__","p__Spirochaetes_c__[Brachyspirae]_o__[Brachyspirales]_f__Brachyspiraceae_g__Brachyspira_s__"
"45363","k__Bacteria","p__Firmicutes","c__Erysipelotrichi","o__Erysipelotrichales","f__Erysipelotrichaceae","g__Clostridium","s__cocleatum","p__Firmicutes_c__Erysipelotrichi_o__Erysipelotrichales_f__Erysipelotrichaceae_g__Clostridium_s__cocleatum"
"851938","k__Bacteria","p__Firmicutes","c__Erysipelotrichi","o__Erysipelotrichales","f__Erysipelotrichaceae","g__Bulleidia","s__moorei","p__Firmicutes_c__Erysipelotrichi_o__Erysipelotrichales_f__Erysipelotrichaceae_g__Bulleidia_s__moorei"
"2038560","k__Bacteria","p__Firmicutes","c__Bacilli","o__Bacillales","f__Staphylococcaceae","g__Jeotgalicoccus","s__","p__Firmicutes_c__Bacilli_o__Bacillales_f__Staphylococcaceae_g__Jeotgalicoccus_s__"
"4342104","k__Bacteria","p__Firmicutes","c__Clostridia","o__Clostridiales","f__Ruminococcaceae","g__Anaerotruncus","s__","p__Firmicutes_c__Clostridia_o__Clostridiales_f__Ruminococcaceae_g__Anaerotruncus_s__"
"546384","k__Bacteria","p__Proteobacteria","c__Gammaproteobacteria","o__Enterobacteriales","f__Enterobacteriaceae","g__Trabulsiella","s__","p__Proteobacteria_c__Gammaproteobacteria_o__Enterobacteriales_f__Enterobacteriaceae_g__Trabulsiella_s__"
"806092","k__Bacteria","p__Actinobacteria","c__Actinobacteria","o__Actinomycetales","f__Microbacteriaceae","g__Clavibacter","s__michiganensis","p__Actinobacteria_c__Actinobacteria_o__Actinomycetales_f__Microbacteriaceae_g__Clavibacter_s__michiganensis"
"209237","k__Bacteria","p__Tenericutes","c__Mollicutes","o__Mycoplasmatales","f__Mycoplasmataceae","g__Mycoplasma","s__haemobos","p__Tenericutes_c__Mollicutes_o__Mycoplasmatales_f__Mycoplasmataceae_g__Mycoplasma_s__haemobos"
"2990918","k__Bacteria","p__Actinobacteria","c__Coriobacteriia","o__Coriobacteriales","f__Coriobacteriaceae","g__Collinsella","s__stercoris","p__Actinobacteria_c__Coriobacteriia_o__Coriobacteriales_f__Coriobacteriaceae_g__Collinsella_s__stercoris"
"4449754","k__Bacteria","p__Proteobacteria","c__Betaproteobacteria","o__Burkholderiales","f__Comamonadaceae","g__","s__","p__Proteobacteria_c__Betaproteobacteria_o__Burkholderiales_f__Comamonadaceae_g___s__"
"948115","k__Bacteria","p__Firmicutes","c__Bacilli","o__Bacillales","f__Staphylococcaceae","g__Macrococcus","s__","p__Firmicutes_c__Bacilli_o__Bacillales_f__Staphylococcaceae_g__Macrococcus_s__"
"4380976","k__Bacteria","p__Firmicutes","c__Bacilli","o__Lactobacillales","f__Lactobacillaceae","g__Pediococcus","s__","p__Firmicutes_c__Bacilli_o__Lactobacillales_f__Lactobacillaceae_g__Pediococcus_s__"
"4449236","k__Bacteria","p__Proteobacteria","c__Betaproteobacteria","o__Burkholderiales","f__Alcaligenaceae","g__Sutterella","s__","p__Proteobacteria_c__Betaproteobacteria_o__Burkholderiales_f__Alcaligenaceae_g__Sutterella_s__"
"4388385","k__Bacteria","p__Proteobacteria","c__Alphaproteobacteria","o__Rhizobiales","f__Brucellaceae","g__Ochrobactrum","s__","p__Proteobacteria_c__Alphaproteobacteria_o__Rhizobiales_f__Brucellaceae_g__Ochrobactrum_s__"
"1017181","k__Bacteria","p__Actinobacteria","c__Actinobacteria","o__Actinomycetales","f__Micrococcaceae","g__Rothia","s__mucilaginosa","p__Actinobacteria_c__Actinobacteria_o__Actinomycetales_f__Micrococcaceae_g__Rothia_s__mucilaginosa"
"352392","k__Bacteria","p__Proteobacteria","c__Gammaproteobacteria","o__Pseudomonadales","f__Moraxellaceae","g__Perlucidibaca","s__","p__Proteobacteria_c__Gammaproteobacteria_o__Pseudomonadales_f__Moraxellaceae_g__Perlucidibaca_s__"
"259357","k__Bacteria","p__Firmicutes","c__Erysipelotrichi","o__Erysipelotrichales","f__Erysipelotrichaceae","g__Allobaculum","s__","p__Firmicutes_c__Erysipelotrichi_o__Erysipelotrichales_f__Erysipelotrichaceae_g__Allobaculum_s__"
"280661","k__Bacteria","p__Proteobacteria","c__Gammaproteobacteria","o__Alteromonadales","f__Idiomarinaceae","g__Idiomarina","s__","p__Proteobacteria_c__Gammaproteobacteria_o__Alteromonadales_f__Idiomarinaceae_g__Idiomarina_s__"
"4424415","k__Bacteria","p__Proteobacteria","c__Betaproteobacteria","o__Rhodocyclales","f__Rhodocyclaceae","g__Methyloversatilis","s__","p__Proteobacteria_c__Betaproteobacteria_o__Rhodocyclales_f__Rhodocyclaceae_g__Methyloversatilis_s__"
"4154872","k__Bacteria","p__Bacteroidetes","c__Flavobacteriia","o__Flavobacteriales","f__[Weeksellaceae]","g__Cloacibacterium","s__","p__Bacteroidetes_c__Flavobacteriia_o__Flavobacteriales_f__[Weeksellaceae]_g__Cloacibacterium_s__"
"4344207","k__Bacteria","p__Firmicutes","c__Bacilli","o__Lactobacillales","f__Streptococcaceae","g__Streptococcus","s__anginosus","p__Firmicutes_c__Bacilli_o__Lactobacillales_f__Streptococcaceae_g__Streptococcus_s__anginosus"
"235985","k__Bacteria","p__Firmicutes","c__Bacilli","o__Bacillales","f__Paenibacillaceae","g__Paenibacillus","s__","p__Firmicutes_c__Bacilli_o__Bacillales_f__Paenibacillaceae_g__Paenibacillus_s__"
"173876","k__Bacteria","p__Firmicutes","c__Clostridia","o__Clostridiales","f__","g__","s__","p__Firmicutes_c__Clostridia_o__Clostridiales_f___g___s__"
"4329575","k__Bacteria","p__Lentisphaerae","c__[Lentisphaeria]","o__Victivallales","f__Victivallaceae","g__","s__","p__Lentisphaerae_c__[Lentisphaeria]_o__Victivallales_f__Victivallaceae_g___s__"
"4469924","k__Bacteria","p__Firmicutes","c__Bacilli","o__Bacillales","f__Bacillaceae","g__Anoxybacillus","s__kestanbolensis","p__Firmicutes_c__Bacilli_o__Bacillales_f__Bacillaceae_g__Anoxybacillus_s__kestanbolensis"
"942852","k__Bacteria","p__Proteobacteria","c__Betaproteobacteria","o__Burkholderiales","f__Comamonadaceae","g__Aquabacterium","s__","p__Proteobacteria_c__Betaproteobacteria_o__Burkholderiales_f__Comamonadaceae_g__Aquabacterium_s__"
"199089","k__Bacteria","p__Proteobacteria","c__Betaproteobacteria","o__MKC10","f__","g__","s__","p__Proteobacteria_c__Betaproteobacteria_o__MKC10_f___g___s__"
"4328567","k__Bacteria","p__Proteobacteria","c__Betaproteobacteria","o__Burkholderiales","f__Comamonadaceae","g__Delftia","s__","p__Proteobacteria_c__Betaproteobacteria_o__Burkholderiales_f__Comamonadaceae_g__Delftia_s__"
"4453773","k__Bacteria","p__Proteobacteria","c__Deltaproteobacteria","o__Desulfovibrionales","f__Desulfovibrionaceae","g__Desulfovibrio","s__","p__Proteobacteria_c__Deltaproteobacteria_o__Desulfovibrionales_f__Desulfovibrionaceae_g__Desulfovibrio_s__"
"4426298","k__Bacteria","p__Actinobacteria","c__Actinobacteria","o__Bifidobacteriales","f__Bifidobacteriaceae","g__Bifidobacterium","s__animalis","p__Actinobacteria_c__Actinobacteria_o__Bifidobacteriales_f__Bifidobacteriaceae_g__Bifidobacterium_s__animalis"
"46026","k__Bacteria","p__Proteobacteria","c__Gammaproteobacteria","o__Alteromonadales","f__[Chromatiaceae]","g__","s__","p__Proteobacteria_c__Gammaproteobacteria_o__Alteromonadales_f__[Chromatiaceae]_g___s__"
"519625","k__Bacteria","p__Bacteroidetes","c__[Saprospirae]","o__[Saprospirales]","f__Chitinophagaceae","g__Sediminibacterium","s__","p__Bacteroidetes_c__[Saprospirae]_o__[Saprospirales]_f__Chitinophagaceae_g__Sediminibacterium_s__"
"4448447","k__Bacteria","p__Proteobacteria","c__Betaproteobacteria","o__Burkholderiales","f__Comamonadaceae","g__Rhodoferax","s__","p__Proteobacteria_c__Betaproteobacteria_o__Burkholderiales_f__Comamonadaceae_g__Rhodoferax_s__"
"4469722","k__Bacteria","p__Bacteroidetes","c__Bacteroidia","o__Bacteroidales","f__Prevotellaceae","g__Prevotella","s__melaninogenica","p__Bacteroidetes_c__Bacteroidia_o__Bacteroidales_f__Prevotellaceae_g__Prevotella_s__melaninogenica"
"4468234","k__Bacteria","p__Bacteroidetes","c__Bacteroidia","o__Bacteroidales","f__Bacteroidaceae","g__Bacteroides","s__","p__Bacteroidetes_c__Bacteroidia_o__Bacteroidales_f__Bacteroidaceae_g__Bacteroides_s__"
"4474215","k__Bacteria","p__Firmicutes","c__Clostridia","o__Clostridiales","f__Lachnospiraceae","g__Epulopiscium","s__","p__Firmicutes_c__Clostridia_o__Clostridiales_f__Lachnospiraceae_g__Epulopiscium_s__"
"328472","k__Bacteria","p__Actinobacteria","c__Actinobacteria","o__Actinomycetales","f__Actinomycetaceae","g__Varibaculum","s__","p__Actinobacteria_c__Actinobacteria_o__Actinomycetales_f__Actinomycetaceae_g__Varibaculum_s__"
"4379449","k__Bacteria","p__Firmicutes","c__Erysipelotrichi","o__Erysipelotrichales","f__Erysipelotrichaceae","g__Clostridium","s__saccharogumia","p__Firmicutes_c__Erysipelotrichi_o__Erysipelotrichales_f__Erysipelotrichaceae_g__Clostridium_s__saccharogumia"
"4393532","k__Bacteria","p__Actinobacteria","c__Coriobacteriia","o__Coriobacteriales","f__Coriobacteriaceae","g__Eggerthella","s__lenta","p__Actinobacteria_c__Coriobacteriia_o__Coriobacteriales_f__Coriobacteriaceae_g__Eggerthella_s__lenta"
"4227110","k__Bacteria","p__Proteobacteria","c__Gammaproteobacteria","o__Enterobacteriales","f__Enterobacteriaceae","g__Citrobacter","s__freundii","p__Proteobacteria_c__Gammaproteobacteria_o__Enterobacteriales_f__Enterobacteriaceae_g__Citrobacter_s__freundii"
"4482376","k__Bacteria","p__Firmicutes","c__Bacilli","o__Lactobacillales","f__Carnobacteriaceae","g__","s__","p__Firmicutes_c__Bacilli_o__Lactobacillales_f__Carnobacteriaceae_g___s__"
"58864","k__Bacteria","p__Proteobacteria","c__Betaproteobacteria","o__Burkholderiales","f__Comamonadaceae","g__Variovorax","s__paradoxus","p__Proteobacteria_c__Betaproteobacteria_o__Burkholderiales_f__Comamonadaceae_g__Variovorax_s__paradoxus"
"2174310","k__Bacteria","p__Proteobacteria","c__Gammaproteobacteria","o__Xanthomonadales","f__Xanthomonadaceae","g__","s__","p__Proteobacteria_c__Gammaproteobacteria_o__Xanthomonadales_f__Xanthomonadaceae_g___s__"
"4481131","k__Bacteria","p__Firmicutes","c__Clostridia","o__Clostridiales","f__Ruminococcaceae","g__Faecalibacterium","s__prausnitzii","p__Firmicutes_c__Clostridia_o__Clostridiales_f__Ruminococcaceae_g__Faecalibacterium_s__prausnitzii"
"4345058","k__Bacteria","p__Actinobacteria","c__Actinobacteria","o__Actinomycetales","f__ACK-M1","g__","s__","p__Actinobacteria_c__Actinobacteria_o__Actinomycetales_f__ACK-M1_g___s__"
"4452118","k__Bacteria","p__Proteobacteria","c__Betaproteobacteria","o__Burkholderiales","f__Comamonadaceae","g__Leptothrix","s__","p__Proteobacteria_c__Betaproteobacteria_o__Burkholderiales_f__Comamonadaceae_g__Leptothrix_s__"
"4468391","k__Bacteria","p__Firmicutes","c__Clostridia","o__Clostridiales","f__Ruminococcaceae","g__Ruminococcus","s__","p__Firmicutes_c__Clostridia_o__Clostridiales_f__Ruminococcaceae_g__Ruminococcus_s__"
"4350466","k__Bacteria","p__Bacteroidetes","c__Flavobacteriia","o__Flavobacteriales","f__[Weeksellaceae]","g__","s__","p__Bacteroidetes_c__Flavobacteriia_o__Flavobacteriales_f__[Weeksellaceae]_g___s__"
"4361528","k__Bacteria","p__Proteobacteria","c__Gammaproteobacteria","o__Pseudomonadales","f__Moraxellaceae","g__Acinetobacter","s__","p__Proteobacteria_c__Gammaproteobacteria_o__Pseudomonadales_f__Moraxellaceae_g__Acinetobacter_s__"
"1000986","k__Bacteria","p__Actinobacteria","c__Actinobacteria","o__Actinomycetales","f__Corynebacteriaceae","g__Corynebacterium","s__","p__Actinobacteria_c__Actinobacteria_o__Actinomycetales_f__Corynebacteriaceae_g__Corynebacterium_s__"
"1903534","k__Bacteria","p__Actinobacteria","c__Coriobacteriia","o__Coriobacteriales","f__Coriobacteriaceae","g__","s__","p__Actinobacteria_c__Coriobacteriia_o__Coriobacteriales_f__Coriobacteriaceae_g___s__"
"4430581","k__Bacteria","p__Bacteroidetes","c__Bacteroidia","o__Bacteroidales","f__[Paraprevotellaceae]","g__[Prevotella]","s__","p__Bacteroidetes_c__Bacteroidia_o__Bacteroidales_f__[Paraprevotellaceae]_g__[Prevotella]_s__"
"1100972","k__Bacteria","p__Firmicutes","c__Bacilli","o__Lactobacillales","f__Streptococcaceae","g__Lactococcus","s__","p__Firmicutes_c__Bacilli_o__Lactobacillales_f__Streptococcaceae_g__Lactococcus_s__"
"4414489","k__Bacteria","p__Firmicutes","c__Clostridia","o__Clostridiales","f__Clostridiaceae","g__Clostridium","s__hiranonis","p__Firmicutes_c__Clostridia_o__Clostridiales_f__Clostridiaceae_g__Clostridium_s__hiranonis"
"4415689","k__Bacteria","p__Actinobacteria","c__Actinobacteria","o__Actinomycetales","f__Dermabacteraceae","g__Brachybacterium","s__","p__Actinobacteria_c__Actinobacteria_o__Actinomycetales_f__Dermabacteraceae_g__Brachybacterium_s__"
"1099710","k__Bacteria","p__Firmicutes","c__Clostridia","o__Clostridiales","f__Peptococcaceae","g__Peptococcus","s__","p__Firmicutes_c__Clostridia_o__Clostridiales_f__Peptococcaceae_g__Peptococcus_s__"
"1061772","k__Bacteria","p__Firmicutes","c__Bacilli","o__Bacillales","f__Planococcaceae","g__","s__","p__Firmicutes_c__Bacilli_o__Bacillales_f__Planococcaceae_g___s__"
"263518","k__Bacteria","p__Proteobacteria","c__Deltaproteobacteria","o__Desulfovibrionales","f__Desulfovibrionaceae","g__","s__","p__Proteobacteria_c__Deltaproteobacteria_o__Desulfovibrionales_f__Desulfovibrionaceae_g___s__"
"4464026","k__Bacteria","p__Actinobacteria","c__Actinobacteria","o__Actinomycetales","f__Micrococcaceae","g__Micrococcus","s__luteus","p__Actinobacteria_c__Actinobacteria_o__Actinomycetales_f__Micrococcaceae_g__Micrococcus_s__luteus"
"4480861","k__Bacteria","p__Firmicutes","c__Erysipelotrichi","o__Erysipelotrichales","f__Erysipelotrichaceae","g__Catenibacterium","s__","p__Firmicutes_c__Erysipelotrichi_o__Erysipelotrichales_f__Erysipelotrichaceae_g__Catenibacterium_s__"
"2864281","k__Bacteria","p__Firmicutes","c__Clostridia","o__Clostridiales","f__Veillonellaceae","g__Succiniclasticum","s__","p__Firmicutes_c__Clostridia_o__Clostridiales_f__Veillonellaceae_g__Succiniclasticum_s__"
"3537197","k__Bacteria","p__Firmicutes","c__Clostridia","o__Clostridiales","f__Lachnospiraceae","g__Anaerostipes","s__","p__Firmicutes_c__Clostridia_o__Clostridiales_f__Lachnospiraceae_g__Anaerostipes_s__"
"4480244","k__Bacteria","p__Firmicutes","c__Clostridia","o__Clostridiales","f__Veillonellaceae","g__Dialister","s__","p__Firmicutes_c__Clostridia_o__Clostridiales_f__Veillonellaceae_g__Dialister_s__"
"4429557","k__Bacteria","p__Firmicutes","c__Bacilli","o__Lactobacillales","f__Lactobacillaceae","g__","s__","p__Firmicutes_c__Bacilli_o__Lactobacillales_f__Lactobacillaceae_g___s__"
"4417470","k__Bacteria","p__Proteobacteria","c__Betaproteobacteria","o__Methylophilales","f__","g__","s__","p__Proteobacteria_c__Betaproteobacteria_o__Methylophilales_f___g___s__"
"832300","k__Bacteria","p__Proteobacteria","c__Alphaproteobacteria","o__Sphingomonadales","f__","g__","s__","p__Proteobacteria_c__Alphaproteobacteria_o__Sphingomonadales_f___g___s__"
"357522","k__Bacteria","p__Actinobacteria","c__Actinobacteria","o__Actinomycetales","f__Micrococcaceae","g__","s__","p__Actinobacteria_c__Actinobacteria_o__Actinomycetales_f__Micrococcaceae_g___s__"
"4338745","k__Bacteria","p__Firmicutes","c__Clostridia","o__Clostridiales","f__Veillonellaceae","g__","s__","p__Firmicutes_c__Clostridia_o__Clostridiales_f__Veillonellaceae_g___s__"
"4426438","k__Bacteria","p__Firmicutes","c__Clostridia","o__Clostridiales","f__Ruminococcaceae","g__","s__","p__Firmicutes_c__Clostridia_o__Clostridiales_f__Ruminococcaceae_g___s__"
"4477696","k__Bacteria","p__Proteobacteria","c__Gammaproteobacteria","o__Pasteurellales","f__Pasteurellaceae","g__Haemophilus","s__parainfluenzae","p__Proteobacteria_c__Gammaproteobacteria_o__Pasteurellales_f__Pasteurellaceae_g__Haemophilus_s__parainfluenzae"
"4381338","k__Bacteria","p__Firmicutes","c__Clostridia","o__Clostridiales","f__Lachnospiraceae","g__[Ruminococcus]","s__torques","p__Firmicutes_c__Clostridia_o__Clostridiales_f__Lachnospiraceae_g__[Ruminococcus]_s__torques"
"4323733","k__Bacteria","p__Actinobacteria","c__Actinobacteria","o__Actinomycetales","f__Mycobacteriaceae","g__Mycobacterium","s__","p__Actinobacteria_c__Actinobacteria_o__Actinomycetales_f__Mycobacteriaceae_g__Mycobacterium_s__"
"767863","k__Bacteria","p__Firmicutes","c__Bacilli","o__Lactobacillales","f__Enterococcaceae","g__","s__","p__Firmicutes_c__Bacilli_o__Lactobacillales_f__Enterococcaceae_g___s__"
"1136387","k__Bacteria","p__Actinobacteria","c__Actinobacteria","o__Bifidobacteriales","f__Bifidobacteriaceae","g__Alloscardovia","s__","p__Actinobacteria_c__Actinobacteria_o__Bifidobacteriales_f__Bifidobacteriaceae_g__Alloscardovia_s__"
"152527","k__Bacteria","p__Proteobacteria","c__Gammaproteobacteria","o__Enterobacteriales","f__Enterobacteriaceae","g__Erwinia","s__oleae","p__Proteobacteria_c__Gammaproteobacteria_o__Enterobacteriales_f__Enterobacteriaceae_g__Erwinia_s__oleae"
"4467002","k__Bacteria","p__Proteobacteria","c__Alphaproteobacteria","o__Sphingomonadales","f__Erythrobacteraceae","g__","s__","p__Proteobacteria_c__Alphaproteobacteria_o__Sphingomonadales_f__Erythrobacteraceae_g___s__"
"4481427","k__Bacteria","p__Firmicutes","c__Clostridia","o__Clostridiales","f__Lachnospiraceae","g__Roseburia","s__","p__Firmicutes_c__Clostridia_o__Clostridiales_f__Lachnospiraceae_g__Roseburia_s__"
"363625","k__Bacteria","p__Bacteroidetes","c__Bacteroidia","o__Bacteroidales","f__Bacteroidaceae","g__Bacteroides","s__ovatus","p__Bacteroidetes_c__Bacteroidia_o__Bacteroidales_f__Bacteroidaceae_g__Bacteroides_s__ovatus"
"4477199","k__Bacteria","p__Proteobacteria","c__Betaproteobacteria","o__Burkholderiales","f__Comamonadaceae","g__Limnohabitans","s__","p__Proteobacteria_c__Betaproteobacteria_o__Burkholderiales_f__Comamonadaceae_g__Limnohabitans_s__"
"342711","k__Bacteria","p__Proteobacteria","c__Gammaproteobacteria","o__Alteromonadales","f__HTCC2188","g__","s__","p__Proteobacteria_c__Gammaproteobacteria_o__Alteromonadales_f__HTCC2188_g___s__"
"4428224","k__Bacteria","p__Proteobacteria","c__Gammaproteobacteria","o__Pasteurellales","f__Pasteurellaceae","g__Pasteurella","s__multocida","p__Proteobacteria_c__Gammaproteobacteria_o__Pasteurellales_f__Pasteurellaceae_g__Pasteurella_s__multocida"
"750071","k__Bacteria","p__Bacteroidetes","c__Bacteroidia","o__Bacteroidales","f__[Paraprevotellaceae]","g__","s__","p__Bacteroidetes_c__Bacteroidia_o__Bacteroidales_f__[Paraprevotellaceae]_g___s__"
"994357","k__Bacteria","p__Firmicutes","c__Clostridia","o__Clostridiales","f__[Mogibacteriaceae]","g__Mogibacterium","s__","p__Firmicutes_c__Clostridia_o__Clostridiales_f__[Mogibacteriaceae]_g__Mogibacterium_s__"
"297635","k__Bacteria","p__Firmicutes","c__Erysipelotrichi","o__Erysipelotrichales","f__Erysipelotrichaceae","g__[Eubacterium]","s__biforme","p__Firmicutes_c__Erysipelotrichi_o__Erysipelotrichales_f__Erysipelotrichaceae_g__[Eubacterium]_s__biforme"
"539581","k__Bacteria","p__Firmicutes","c__Erysipelotrichi","o__Erysipelotrichales","f__Erysipelotrichaceae","g__[Eubacterium]","s__dolichum","p__Firmicutes_c__Erysipelotrichi_o__Erysipelotrichales_f__Erysipelotrichaceae_g__[Eubacterium]_s__dolichum"
"1064852","k__Bacteria","p__Bacteroidetes","c__Flavobacteriia","o__Flavobacteriales","f__Flavobacteriaceae","g__Flavobacterium","s__","p__Bacteroidetes_c__Flavobacteriia_o__Flavobacteriales_f__Flavobacteriaceae_g__Flavobacterium_s__"
"4384166","k__Bacteria","p__Firmicutes","c__Bacilli","o__Bacillales","f__Bacillaceae","g__","s__","p__Firmicutes_c__Bacilli_o__Bacillales_f__Bacillaceae_g___s__"
"847228","k__Bacteria","p__Bacteroidetes","c__Bacteroidia","o__Bacteroidales","f__Porphyromonadaceae","g__Parabacteroides","s__","p__Bacteroidetes_c__Bacteroidia_o__Bacteroidales_f__Porphyromonadaceae_g__Parabacteroides_s__"
"1032037","k__Bacteria","p__Proteobacteria","c__Alphaproteobacteria","o__Rhodospirillales","f__Acetobacteraceae","g__","s__","p__Proteobacteria_c__Alphaproteobacteria_o__Rhodospirillales_f__Acetobacteraceae_g___s__"
"4448331","k__Bacteria","p__Proteobacteria","c__Gammaproteobacteria","o__Enterobacteriales","f__Enterobacteriaceae","g__","s__","p__Proteobacteria_c__Gammaproteobacteria_o__Enterobacteriales_f__Enterobacteriaceae_g___s__"
"1058762","k__Bacteria","p__Actinobacteria","c__Actinobacteria","o__Actinomycetales","f__Microbacteriaceae","g__Pseudoclavibacter","s__bifida","p__Actinobacteria_c__Actinobacteria_o__Actinomycetales_f__Microbacteriaceae_g__Pseudoclavibacter_s__bifida"
"790312","k__Bacteria","p__Proteobacteria","c__Gammaproteobacteria","o__Xanthomonadales","f__Xanthomonadaceae","g__Pseudoxanthomonas","s__taiwanensis","p__Proteobacteria_c__Gammaproteobacteria_o__Xanthomonadales_f__Xanthomonadaceae_g__Pseudoxanthomonas_s__taiwanensis"
"1108652","k__Bacteria","p__Proteobacteria","c__Betaproteobacteria","o__Rhodocyclales","f__Rhodocyclaceae","g__Dechloromonas","s__","p__Proteobacteria_c__Betaproteobacteria_o__Rhodocyclales_f__Rhodocyclaceae_g__Dechloromonas_s__"
"915428","k__Bacteria","p__Firmicutes","c__Bacilli","o__Lactobacillales","f__Streptococcaceae","g__","s__","p__Firmicutes_c__Bacilli_o__Lactobacillales_f__Streptococcaceae_g___s__"
"1096610","k__Bacteria","p__Firmicutes","c__Clostridia","o__Clostridiales","f__[Tissierellaceae]","g__Finegoldia","s__","p__Firmicutes_c__Clostridia_o__Clostridiales_f__[Tissierellaceae]_g__Finegoldia_s__"
"965381","k__Bacteria","p__Firmicutes","c__Clostridia","o__Clostridiales","f__[Mogibacteriaceae]","g__Anaerovorax","s__","p__Firmicutes_c__Clostridia_o__Clostridiales_f__[Mogibacteriaceae]_g__Anaerovorax_s__"
"257909","k__Bacteria","p__Actinobacteria","c__Actinobacteria","o__Actinomycetales","f__Actinomycetaceae","g__Trueperella","s__","p__Actinobacteria_c__Actinobacteria_o__Actinomycetales_f__Actinomycetaceae_g__Trueperella_s__"
"350938","k__Bacteria","p__Proteobacteria","c__Alphaproteobacteria","o__Caulobacterales","f__Caulobacteraceae","g__Mycoplana","s__","p__Proteobacteria_c__Alphaproteobacteria_o__Caulobacterales_f__Caulobacteraceae_g__Mycoplana_s__"
"4414420","k__Bacteria","p__Bacteroidetes","c__Bacteroidia","o__Bacteroidales","f__Bacteroidaceae","g__Bacteroides","s__eggerthii","p__Bacteroidetes_c__Bacteroidia_o__Bacteroidales_f__Bacteroidaceae_g__Bacteroides_s__eggerthii"
"4369901","k__Bacteria","p__Bacteroidetes","c__Bacteroidia","o__Bacteroidales","f__[Paraprevotellaceae]","g__CF231","s__","p__Bacteroidetes_c__Bacteroidia_o__Bacteroidales_f__[Paraprevotellaceae]_g__CF231_s__"
"509989","k__Bacteria","p__Bacteroidetes","c__Bacteroidia","o__Bacteroidales","f__Bacteroidaceae","g__","s__","p__Bacteroidetes_c__Bacteroidia_o__Bacteroidales_f__Bacteroidaceae_g___s__"
"4452050","k__Bacteria","p__Proteobacteria","c__Gammaproteobacteria","o__Enterobacteriales","f__Enterobacteriaceae","g__Klebsiella","s__","p__Proteobacteria_c__Gammaproteobacteria_o__Enterobacteriales_f__Enterobacteriaceae_g__Klebsiella_s__"
"4408740","k__Bacteria","p__Proteobacteria","c__Betaproteobacteria","o__","f__","g__","s__","p__Proteobacteria_c__Betaproteobacteria_o___f___g___s__"
"61102","k__Bacteria","p__Proteobacteria","c__Gammaproteobacteria","o__Pseudomonadales","f__Pseudomonadaceae","g__Pseudomonas","s__citronellolis","p__Proteobacteria_c__Gammaproteobacteria_o__Pseudomonadales_f__Pseudomonadaceae_g__Pseudomonas_s__citronellolis"
"3611663","k__Bacteria","p__Proteobacteria","c__Betaproteobacteria","o__Rhodocyclales","f__Rhodocyclaceae","g__Uliginosibacterium","s__","p__Proteobacteria_c__Betaproteobacteria_o__Rhodocyclales_f__Rhodocyclaceae_g__Uliginosibacterium_s__"
"1504042","k__Bacteria","p__Firmicutes","c__Clostridia","o__Clostridiales","f__Ruminococcaceae","g__Oscillospira","s__","p__Firmicutes_c__Clostridia_o__Clostridiales_f__Ruminococcaceae_g__Oscillospira_s__"
"4480598","k__Bacteria","p__Firmicutes","c__Bacilli","o__Bacillales","f__[Exiguobacteraceae]","g__","s__","p__Firmicutes_c__Bacilli_o__Bacillales_f__[Exiguobacteraceae]_g___s__"
"4424725","k__Bacteria","p__Proteobacteria","c__Gammaproteobacteria","o__Oceanospirillales","f__Saccharospirillaceae","g__Reinekea","s__","p__Proteobacteria_c__Gammaproteobacteria_o__Oceanospirillales_f__Saccharospirillaceae_g__Reinekea_s__"
"527988","k__Bacteria","p__Firmicutes","c__Clostridia","o__Clostridiales","f__Eubacteriaceae","g__Anaerofustis","s__","p__Firmicutes_c__Clostridia_o__Clostridiales_f__Eubacteriaceae_g__Anaerofustis_s__"
"2065573","k__Bacteria","p__Bacteroidetes","c__Bacteroidia","o__Bacteroidales","f__Marinilabiaceae","g__","s__","p__Bacteroidetes_c__Bacteroidia_o__Bacteroidales_f__Marinilabiaceae_g___s__"
"69664","k__Bacteria","p__Firmicutes","c__Clostridia","o__Clostridiales","f__Clostridiaceae","g__Clostridium","s__","p__Firmicutes_c__Clostridia_o__Clostridiales_f__Clostridiaceae_g__Clostridium_s__"
"563843","k__Bacteria","p__Proteobacteria","c__Gammaproteobacteria","o__Oceanospirillales","f__Halomonadaceae","g__Candidatus Portiera","s__","p__Proteobacteria_c__Gammaproteobacteria_o__Oceanospirillales_f__Halomonadaceae_g__Candidatus Portiera_s__"
"3855938","k__Bacteria","p__Firmicutes","c__Erysipelotrichi","o__Erysipelotrichales","f__Erysipelotrichaceae","g__Coprobacillus","s__","p__Firmicutes_c__Erysipelotrichi_o__Erysipelotrichales_f__Erysipelotrichaceae_g__Coprobacillus_s__"
"1105919","k__Bacteria","p__Proteobacteria","c__Betaproteobacteria","o__Burkholderiales","f__Oxalobacteraceae","g__Ralstonia","s__","p__Proteobacteria_c__Betaproteobacteria_o__Burkholderiales_f__Oxalobacteraceae_g__Ralstonia_s__"
"38888","k__Bacteria","p__Proteobacteria","c__Gammaproteobacteria","o__Pseudomonadales","f__Pseudomonadaceae","g__Pseudomonas","s__stutzeri","p__Proteobacteria_c__Gammaproteobacteria_o__Pseudomonadales_f__Pseudomonadaceae_g__Pseudomonas_s__stutzeri"
"4466150","k__Bacteria","p__Proteobacteria","c__Gammaproteobacteria","o__Pasteurellales","f__Pasteurellaceae","g__Aggregatibacter","s__segnis","p__Proteobacteria_c__Gammaproteobacteria_o__Pasteurellales_f__Pasteurellaceae_g__Aggregatibacter_s__segnis"
"4465158","k__Bacteria","p__Proteobacteria","c__Alphaproteobacteria","o__Sphingomonadales","f__Sphingomonadaceae","g__Kaistobacter","s__","p__Proteobacteria_c__Alphaproteobacteria_o__Sphingomonadales_f__Sphingomonadaceae_g__Kaistobacter_s__"
"933546","k__Bacteria","p__Proteobacteria","c__Betaproteobacteria","o__Neisseriales","f__Neisseriaceae","g__","s__","p__Proteobacteria_c__Betaproteobacteria_o__Neisseriales_f__Neisseriaceae_g___s__"
"4474736","k__Bacteria","p__Actinobacteria","c__Actinobacteria","o__Actinomycetales","f__Microbacteriaceae","g__Microbacterium","s__","p__Actinobacteria_c__Actinobacteria_o__Actinomycetales_f__Microbacteriaceae_g__Microbacterium_s__"
"1839897","k__Bacteria","p__Firmicutes","c__Bacilli","o__Bacillales","f__Bacillaceae","g__Geobacillus","s__","p__Firmicutes_c__Bacilli_o__Bacillales_f__Bacillaceae_g__Geobacillus_s__"
"4454970","k__Bacteria","p__Proteobacteria","c__Betaproteobacteria","o__Burkholderiales","f__Oxalobacteraceae","g__","s__","p__Proteobacteria_c__Betaproteobacteria_o__Burkholderiales_f__Oxalobacteraceae_g___s__"
"4454979","k__Bacteria","p__Proteobacteria","c__Betaproteobacteria","o__Burkholderiales","f__Comamonadaceae","g__Limnobacter","s__","p__Proteobacteria_c__Betaproteobacteria_o__Burkholderiales_f__Comamonadaceae_g__Limnobacter_s__"
"1130846","k__Bacteria","p__Actinobacteria","c__Actinobacteria","o__Actinomycetales","f__Microbacteriaceae","g__Agromyces","s__","p__Actinobacteria_c__Actinobacteria_o__Actinomycetales_f__Microbacteriaceae_g__Agromyces_s__"
"1754506","k__Bacteria","p__Proteobacteria","c__Gammaproteobacteria","o__Cardiobacteriales","f__Cardiobacteriaceae","g__Cardiobacterium","s__","p__Proteobacteria_c__Gammaproteobacteria_o__Cardiobacteriales_f__Cardiobacteriaceae_g__Cardiobacterium_s__"
"3138798","k__Bacteria","p__Firmicutes","c__Clostridia","o__Clostridiales","f__Veillonellaceae","g__Phascolarctobacterium","s__","p__Firmicutes_c__Clostridia_o__Clostridiales_f__Veillonellaceae_g__Phascolarctobacterium_s__"
"4454507","k__Bacteria","p__Firmicutes","c__Bacilli","o__Bacillales","f__Listeriaceae","g__Listeria","s__weihenstephanensis","p__Firmicutes_c__Bacilli_o__Bacillales_f__Listeriaceae_g__Listeria_s__weihenstephanensis"
"268346","k__Bacteria","p__Verrucomicrobia","c__Verruco-5","o__WCHB1-41","f__RFP12","g__","s__","p__Verrucomicrobia_c__Verruco-5_o__WCHB1-41_f__RFP12_g___s__"
"3846643","k__Bacteria","p__Proteobacteria","c__Alphaproteobacteria","o__Rhodobacterales","f__Rhodobacteraceae","g__Rhodobaca","s__","p__Proteobacteria_c__Alphaproteobacteria_o__Rhodobacterales_f__Rhodobacteraceae_g__Rhodobaca_s__"
"367189","k__Bacteria","p__Proteobacteria","c__Betaproteobacteria","o__Burkholderiales","f__Burkholderiaceae","g__Burkholderia","s__andropogonis","p__Proteobacteria_c__Betaproteobacteria_o__Burkholderiales_f__Burkholderiaceae_g__Burkholderia_s__andropogonis"
"4042106","k__Bacteria","p__Bacteroidetes","c__Sphingobacteriia","o__Sphingobacteriales","f__Sphingobacteriaceae","g__Pedobacter","s__","p__Bacteroidetes_c__Sphingobacteriia_o__Sphingobacteriales_f__Sphingobacteriaceae_g__Pedobacter_s__"
"4446058","k__Bacteria","p__Firmicutes","c__Bacilli","o__Bacillales","f__Staphylococcaceae","g__Staphylococcus","s__aureus","p__Firmicutes_c__Bacilli_o__Bacillales_f__Staphylococcaceae_g__Staphylococcus_s__aureus"
"4428119","k__Bacteria","p__Bacteroidetes","c__Sphingobacteriia","o__Sphingobacteriales","f__Sphingobacteriaceae","g__Sphingobacterium","s__","p__Bacteroidetes_c__Sphingobacteriia_o__Sphingobacteriales_f__Sphingobacteriaceae_g__Sphingobacterium_s__"
"964220","k__Bacteria","p__Actinobacteria","c__Actinobacteria","o__Actinomycetales","f__Corynebacteriaceae","g__Corynebacterium","s__durum","p__Actinobacteria_c__Actinobacteria_o__Actinomycetales_f__Corynebacteriaceae_g__Corynebacterium_s__durum"
"4339720","k__Bacteria","p__Actinobacteria","c__Actinobacteria","o__Actinomycetales","f__Microbacteriaceae","g__Salinibacterium","s__","p__Actinobacteria_c__Actinobacteria_o__Actinomycetales_f__Microbacteriaceae_g__Salinibacterium_s__"
"3128077","k__Bacteria","p__Firmicutes","c__Clostridia","o__Clostridiales","f__Veillonellaceae","g__Veillonella","s__","p__Firmicutes_c__Clostridia_o__Clostridiales_f__Veillonellaceae_g__Veillonella_s__"
"4447394","k__Bacteria","p__Actinobacteria","c__Actinobacteria","o__Actinomycetales","f__Propionibacteriaceae","g__Propionibacterium","s__acnes","p__Actinobacteria_c__Actinobacteria_o__Actinomycetales_f__Propionibacteriaceae_g__Propionibacterium_s__acnes"
"1837676","k__Bacteria","p__Proteobacteria","c__Alphaproteobacteria","o__Rickettsiales","f__mitochondria","g__Vermamoeba","s__vermiformis","p__Proteobacteria_c__Alphaproteobacteria_o__Rickettsiales_f__mitochondria_g__Vermamoeba_s__vermiformis"
"4426982","k__Bacteria","p__Proteobacteria","c__Betaproteobacteria","o__Burkholderiales","f__Burkholderiaceae","g__Lautropia","s__","p__Proteobacteria_c__Betaproteobacteria_o__Burkholderiales_f__Burkholderiaceae_g__Lautropia_s__"
"712917","k__Bacteria","p__Firmicutes","c__Clostridia","o__Clostridiales","f__[Tissierellaceae]","g__Helcococcus","s__","p__Firmicutes_c__Clostridia_o__Clostridiales_f__[Tissierellaceae]_g__Helcococcus_s__"
"1132891","k__Bacteria","p__Actinobacteria","c__Actinobacteria","o__Actinomycetales","f__Propionibacteriaceae","g__Propionibacterium","s__","p__Actinobacteria_c__Actinobacteria_o__Actinomycetales_f__Propionibacteriaceae_g__Propionibacterium_s__"
"287823","k__Bacteria","p__Bacteroidetes","c__Bacteroidia","o__Bacteroidales","f__RF16","g__","s__","p__Bacteroidetes_c__Bacteroidia_o__Bacteroidales_f__RF16_g___s__"
"744941","k__Bacteria","p__Proteobacteria","c__Gammaproteobacteria","o__Thiohalorhabdales","f__","g__","s__","p__Proteobacteria_c__Gammaproteobacteria_o__Thiohalorhabdales_f___g___s__"
"777944","k__Bacteria","p__Firmicutes","c__Clostridia","o__Clostridiales","f__Lachnospiraceae","g__Butyrivibrio","s__","p__Firmicutes_c__Clostridia_o__Clostridiales_f__Lachnospiraceae_g__Butyrivibrio_s__"
"400253","k__Bacteria","p__Actinobacteria","c__Actinobacteria","o__Actinomycetales","f__Microbacteriaceae","g__","s__","p__Actinobacteria_c__Actinobacteria_o__Actinomycetales_f__Microbacteriaceae_g___s__"
"4430952","k__Bacteria","p__Proteobacteria","c__Gammaproteobacteria","o__Xanthomonadales","f__Xanthomonadaceae","g__Stenotrophomonas","s__","p__Proteobacteria_c__Gammaproteobacteria_o__Xanthomonadales_f__Xanthomonadaceae_g__Stenotrophomonas_s__"
"4454839","k__Bacteria","p__Proteobacteria","c__Gammaproteobacteria","o__Enterobacteriales","f__Enterobacteriaceae","g__Enterobacter","s__radicincitans","p__Proteobacteria_c__Gammaproteobacteria_o__Enterobacteriales_f__Enterobacteriaceae_g__Enterobacter_s__radicincitans"
"4463767","k__Bacteria","p__Actinobacteria","c__Actinobacteria","o__Actinomycetales","f__Nocardioidaceae","g__","s__","p__Actinobacteria_c__Actinobacteria_o__Actinomycetales_f__Nocardioidaceae_g___s__"
"742320","k__Bacteria","p__Proteobacteria","c__","o__","f__","g__","s__","p__Proteobacteria_c___o___f___g___s__"
"1131759","k__Bacteria","p__Firmicutes","c__Erysipelotrichi","o__Erysipelotrichales","f__Erysipelotrichaceae","g__[Eubacterium]","s__","p__Firmicutes_c__Erysipelotrichi_o__Erysipelotrichales_f__Erysipelotrichaceae_g__[Eubacterium]_s__"
"4377104","k__Bacteria","p__Proteobacteria","c__Alphaproteobacteria","o__Rhizobiales","f__Bradyrhizobiaceae","g__","s__","p__Proteobacteria_c__Alphaproteobacteria_o__Rhizobiales_f__Bradyrhizobiaceae_g___s__"
"4386220","k__Bacteria","p__Proteobacteria","c__Alphaproteobacteria","o__Rhizobiales","f__Phyllobacteriaceae","g__","s__","p__Proteobacteria_c__Alphaproteobacteria_o__Rhizobiales_f__Phyllobacteriaceae_g___s__"
"4454750","k__Bacteria","p__Proteobacteria","c__Gammaproteobacteria","o__Alteromonadales","f__OM60","g__","s__","p__Proteobacteria_c__Gammaproteobacteria_o__Alteromonadales_f__OM60_g___s__"
"240857","k__Bacteria","p__Proteobacteria","c__Gammaproteobacteria","o__Thiotrichales","f__Thiotrichaceae","g__Thiothrix","s__","p__Proteobacteria_c__Gammaproteobacteria_o__Thiotrichales_f__Thiotrichaceae_g__Thiothrix_s__"
"62513","k__Bacteria","p__Firmicutes","c__Clostridia","o__Clostridiales","f__Lachnospiraceae","g__Moryella","s__indoligenes","p__Firmicutes_c__Clostridia_o__Clostridiales_f__Lachnospiraceae_g__Moryella_s__indoligenes"
"3364423","k__Bacteria","p__Proteobacteria","c__Betaproteobacteria","o__Rhodocyclales","f__Rhodocyclaceae","g__K82","s__","p__Proteobacteria_c__Betaproteobacteria_o__Rhodocyclales_f__Rhodocyclaceae_g__K82_s__"
"791348","k__Bacteria","p__Proteobacteria","c__Deltaproteobacteria","o__Desulfovibrionales","f__Desulfovibrionaceae","g__Desulfovibrio","s__D168","p__Proteobacteria_c__Deltaproteobacteria_o__Desulfovibrionales_f__Desulfovibrionaceae_g__Desulfovibrio_s__D168"
"177679","k__Bacteria","p__Bacteroidetes","c__Bacteroidia","o__Bacteroidales","f__S24-7","g__","s__","p__Bacteroidetes_c__Bacteroidia_o__Bacteroidales_f__S24-7_g___s__"
"4060501","k__Bacteria","p__Firmicutes","c__Clostridia","o__Clostridiales","f__Peptococcaceae","g__","s__","p__Firmicutes_c__Clostridia_o__Clostridiales_f__Peptococcaceae_g___s__"
"4304790","k__Bacteria","p__Firmicutes","c__Clostridia","o__Clostridiales","f__Symbiobacteriaceae","g__Symbiobacterium","s__","p__Firmicutes_c__Clostridia_o__Clostridiales_f__Symbiobacteriaceae_g__Symbiobacterium_s__"
"4439606","k__Bacteria","p__Proteobacteria","c__Gammaproteobacteria","o__Enterobacteriales","f__Enterobacteriaceae","g__Morganella","s__","p__Proteobacteria_c__Gammaproteobacteria_o__Enterobacteriales_f__Enterobacteriaceae_g__Morganella_s__"
"4435982","k__Bacteria","p__Proteobacteria","c__Gammaproteobacteria","o__Pseudomonadales","f__Pseudomonadaceae","g__Pseudomonas","s__veronii","p__Proteobacteria_c__Gammaproteobacteria_o__Pseudomonadales_f__Pseudomonadaceae_g__Pseudomonas_s__veronii"
"749696","k__Bacteria","p__Proteobacteria","c__Alphaproteobacteria","o__Sphingomonadales","f__Sphingomonadaceae","g__Novosphingobium","s__acidiphilum","p__Proteobacteria_c__Alphaproteobacteria_o__Sphingomonadales_f__Sphingomonadaceae_g__Novosphingobium_s__acidiphilum"
"26639","k__Bacteria","p__Proteobacteria","c__Betaproteobacteria","o__Rhodocyclales","f__Rhodocyclaceae","g__","s__","p__Proteobacteria_c__Betaproteobacteria_o__Rhodocyclales_f__Rhodocyclaceae_g___s__"
"4422313","k__Bacteria","p__Cyanobacteria","c__Chloroplast","o__Streptophyta","f__","g__","s__","p__Cyanobacteria_c__Chloroplast_o__Streptophyta_f___g___s__"
"4315396","k__Bacteria","p__Firmicutes","c__Clostridia","o__Clostridiales","f__Peptococcaceae","g__rc4-4","s__","p__Firmicutes_c__Clostridia_o__Clostridiales_f__Peptococcaceae_g__rc4-4_s__"
"4451302","k__Bacteria","p__Proteobacteria","c__Betaproteobacteria","o__Burkholderiales","f__Comamonadaceae","g__Hydrogenophaga","s__","p__Proteobacteria_c__Betaproteobacteria_o__Burkholderiales_f__Comamonadaceae_g__Hydrogenophaga_s__"
"173965","k__Bacteria","p__Actinobacteria","c__Coriobacteriia","o__Coriobacteriales","f__Coriobacteriaceae","g__Adlercreutzia","s__","p__Actinobacteria_c__Coriobacteriia_o__Coriobacteriales_f__Coriobacteriaceae_g__Adlercreutzia_s__"
"4482839","k__Bacteria","p__Proteobacteria","c__Betaproteobacteria","o__Burkholderiales","f__Comamonadaceae","g__Methylibium","s__petroleiphilum","p__Proteobacteria_c__Betaproteobacteria_o__Burkholderiales_f__Comamonadaceae_g__Methylibium_s__petroleiphilum"
"4354311","k__Bacteria","p__Firmicutes","c__Bacilli","o__Lactobacillales","f__Enterococcaceae","g__Melissococcus","s__plutonius","p__Firmicutes_c__Bacilli_o__Lactobacillales_f__Enterococcaceae_g__Melissococcus_s__plutonius"
"3232988","k__Bacteria","p__Tenericutes","c__RF3","o__ML615J-28","f__","g__","s__","p__Tenericutes_c__RF3_o__ML615J-28_f___g___s__"
"152450","k__Archaea","p__Euryarchaeota","c__Methanobacteria","o__Methanobacteriales","f__Methanobacteriaceae","g__Methanobrevibacter","s__","p__Euryarchaeota_c__Methanobacteria_o__Methanobacteriales_f__Methanobacteriaceae_g__Methanobrevibacter_s__"
"818516","k__Bacteria","p__Firmicutes","c__Clostridia","o__Clostridiales","f__Clostridiaceae","g__Clostridium","s__botulinum","p__Firmicutes_c__Clostridia_o__Clostridiales_f__Clostridiaceae_g__Clostridium_s__botulinum"
"4365141","k__Bacteria","p__Firmicutes","c__Bacilli","o__Lactobacillales","f__Leuconostocaceae","g__Leuconostoc","s__","p__Firmicutes_c__Bacilli_o__Lactobacillales_f__Leuconostocaceae_g__Leuconostoc_s__"
"2407149","k__Bacteria","p__Firmicutes","c__Clostridia","o__Clostridiales","f__Lachnospiraceae","g__Lachnospira","s__","p__Firmicutes_c__Clostridia_o__Clostridiales_f__Lachnospiraceae_g__Lachnospira_s__"
"484439","k__Bacteria","p__Synergistetes","c__Synergistia","o__Synergistales","f__Dethiosulfovibrionaceae","g__Jonquetella","s__anthropi","p__Synergistetes_c__Synergistia_o__Synergistales_f__Dethiosulfovibrionaceae_g__Jonquetella_s__anthropi"
"4314545","k__Bacteria","p__Actinobacteria","c__Actinobacteria","o__Actinomycetales","f__Actinomycetaceae","g__Actinobaculum","s__","p__Actinobacteria_c__Actinobacteria_o__Actinomycetales_f__Actinomycetaceae_g__Actinobaculum_s__"
"9510","k__Bacteria","p__Proteobacteria","c__Gammaproteobacteria","o__Pasteurellales","f__Pasteurellaceae","g__Actinobacillus","s__delphinicola","p__Proteobacteria_c__Gammaproteobacteria_o__Pasteurellales_f__Pasteurellaceae_g__Actinobacillus_s__delphinicola"
"1129599","k__Bacteria","p__Proteobacteria","c__Alphaproteobacteria","o__Sphingomonadales","f__Sphingomonadaceae","g__Novosphingobium","s__nitrogenifigens","p__Proteobacteria_c__Alphaproteobacteria_o__Sphingomonadales_f__Sphingomonadaceae_g__Novosphingobium_s__nitrogenifigens"
"2530636","k__Bacteria","p__Firmicutes","c__Clostridia","o__Clostridiales","f__Veillonellaceae","g__Megamonas","s__","p__Firmicutes_c__Clostridia_o__Clostridiales_f__Veillonellaceae_g__Megamonas_s__"
"107044","k__Bacteria","p__Bacteroidetes","c__Bacteroidia","o__Bacteroidales","f__Rikenellaceae","g__Alistipes","s__massiliensis","p__Bacteroidetes_c__Bacteroidia_o__Bacteroidales_f__Rikenellaceae_g__Alistipes_s__massiliensis"
"2829179","k__Bacteria","p__Firmicutes","c__Clostridia","o__Clostridiales","f__Veillonellaceae","g__Acidaminococcus","s__","p__Firmicutes_c__Clostridia_o__Clostridiales_f__Veillonellaceae_g__Acidaminococcus_s__"
"1134094","k__Bacteria","p__Firmicutes","c__Bacilli","o__Bacillales","f__[Exiguobacteraceae]","g__Exiguobacterium","s__","p__Firmicutes_c__Bacilli_o__Bacillales_f__[Exiguobacteraceae]_g__Exiguobacterium_s__"
"3943186","k__Bacteria","p__Firmicutes","c__Clostridia","o__Clostridiales","f__Lachnospiraceae","g__Lachnobacterium","s__","p__Firmicutes_c__Clostridia_o__Clostridiales_f__Lachnospiraceae_g__Lachnobacterium_s__"
"4385479","k__Bacteria","p__Proteobacteria","c__Gammaproteobacteria","o__Enterobacteriales","f__Enterobacteriaceae","g__Proteus","s__","p__Proteobacteria_c__Gammaproteobacteria_o__Enterobacteriales_f__Enterobacteriaceae_g__Proteus_s__"
"4432796","k__Bacteria","p__Proteobacteria","c__Gammaproteobacteria","o__Pseudomonadales","f__Pseudomonadaceae","g__Pseudomonas","s__viridiflava","p__Proteobacteria_c__Gammaproteobacteria_o__Pseudomonadales_f__Pseudomonadaceae_g__Pseudomonas_s__viridiflava"
"4479397","k__Bacteria","p__Bacteroidetes","c__Bacteroidia","o__Bacteroidales","f__Bacteroidaceae","g__Bacteroides","s__fragilis","p__Bacteroidetes_c__Bacteroidia_o__Bacteroidales_f__Bacteroidaceae_g__Bacteroides_s__fragilis"
"581306","k__Bacteria","p__Proteobacteria","c__Gammaproteobacteria","o__Thiotrichales","f__Piscirickettsiaceae","g__","s__","p__Proteobacteria_c__Gammaproteobacteria_o__Thiotrichales_f__Piscirickettsiaceae_g___s__"
"494971","k__Bacteria","p__Synergistetes","c__Synergistia","o__Synergistales","f__Dethiosulfovibrionaceae","g__Pyramidobacter","s__","p__Synergistetes_c__Synergistia_o__Synergistales_f__Dethiosulfovibrionaceae_g__Pyramidobacter_s__"
"4454586","k__Bacteria","p__Bacteroidetes","c__Bacteroidia","o__Bacteroidales","f__[Odoribacteraceae]","g__Odoribacter","s__","p__Bacteroidetes_c__Bacteroidia_o__Bacteroidales_f__[Odoribacteraceae]_g__Odoribacter_s__"
"4339358","k__Bacteria","p__Proteobacteria","c__Alphaproteobacteria","o__Caulobacterales","f__Caulobacteraceae","g__","s__","p__Proteobacteria_c__Alphaproteobacteria_o__Caulobacterales_f__Caulobacteraceae_g___s__"
"4307347","k__Bacteria","p__Proteobacteria","c__Alphaproteobacteria","o__Rhizobiales","f__Methylobacteriaceae","g__","s__","p__Proteobacteria_c__Alphaproteobacteria_o__Rhizobiales_f__Methylobacteriaceae_g___s__"
"4423410","k__Bacteria","p__Proteobacteria","c__Alphaproteobacteria","o__Sphingomonadales","f__Sphingomonadaceae","g__Sphingomonas","s__","p__Proteobacteria_c__Alphaproteobacteria_o__Sphingomonadales_f__Sphingomonadaceae_g__Sphingomonas_s__"
"4447188","k__Bacteria","p__Bacteroidetes","c__Bacteroidia","o__Bacteroidales","f__Bacteroidaceae","g__Bacteroides","s__uniformis","p__Bacteroidetes_c__Bacteroidia_o__Bacteroidales_f__Bacteroidaceae_g__Bacteroides_s__uniformis"
"191975","k__Bacteria","p__Firmicutes","c__Clostridia","o__Clostridiales","f__Eubacteriaceae","g__Pseudoramibacter_Eubacterium","s__","p__Firmicutes_c__Clostridia_o__Clostridiales_f__Eubacteriaceae_g__Pseudoramibacter_Eubacterium_s__"
"1076668","k__Bacteria","p__Firmicutes","c__Bacilli","o__Lactobacillales","f__Aerococcaceae","g__","s__","p__Firmicutes_c__Bacilli_o__Lactobacillales_f__Aerococcaceae_g___s__"
"1059977","k__Bacteria","p__Firmicutes","c__Bacilli","o__Lactobacillales","f__Streptococcaceae","g__Streptococcus","s__agalactiae","p__Firmicutes_c__Bacilli_o__Lactobacillales_f__Streptococcaceae_g__Streptococcus_s__agalactiae"
"73000","k__Bacteria","p__Firmicutes","c__Clostridia","o__Clostridiales","f__Clostridiaceae","g__Clostridium","s__neonatale","p__Firmicutes_c__Clostridia_o__Clostridiales_f__Clostridiaceae_g__Clostridium_s__neonatale"
"139268","k__Bacteria","p__Bacteroidetes","c__Cytophagia","o__Cytophagales","f__Cytophagaceae","g__Flectobacillus","s__","p__Bacteroidetes_c__Cytophagia_o__Cytophagales_f__Cytophagaceae_g__Flectobacillus_s__"
"4331760","k__Bacteria","p__Bacteroidetes","c__Bacteroidia","o__Bacteroidales","f__Rikenellaceae","g__Alistipes","s__indistinctus","p__Bacteroidetes_c__Bacteroidia_o__Bacteroidales_f__Rikenellaceae_g__Alistipes_s__indistinctus"
"4402589","k__Bacteria","p__Proteobacteria","c__Betaproteobacteria","o__Gallionellales","f__Gallionellaceae","g__Gallionella","s__","p__Proteobacteria_c__Betaproteobacteria_o__Gallionellales_f__Gallionellaceae_g__Gallionella_s__"
"9727","k__Bacteria","p__Proteobacteria","c__Gammaproteobacteria","o__Enterobacteriales","f__Enterobacteriaceae","g__Pantoea","s__agglomerans","p__Proteobacteria_c__Gammaproteobacteria_o__Enterobacteriales_f__Enterobacteriaceae_g__Pantoea_s__agglomerans"
"15806","k__Bacteria","p__Tenericutes","c__Mollicutes","o__Mycoplasmatales","f__Mycoplasmataceae","g__Ureaplasma","s__","p__Tenericutes_c__Mollicutes_o__Mycoplasmatales_f__Mycoplasmataceae_g__Ureaplasma_s__"
"4397098","k__Bacteria","p__Firmicutes","c__Clostridia","o__Clostridiales","f__[Tissierellaceae]","g__Peptoniphilus","s__","p__Firmicutes_c__Clostridia_o__Clostridiales_f__[Tissierellaceae]_g__Peptoniphilus_s__"
"552235","k__Bacteria","p__Firmicutes","c__Clostridia","o__Clostridiales","f__Christensenellaceae","g__Christensenella","s__","p__Firmicutes_c__Clostridia_o__Clostridiales_f__Christensenellaceae_g__Christensenella_s__"
"4473883","k__Bacteria","p__Firmicutes","c__Bacilli","o__Lactobacillales","f__Streptococcaceae","g__Streptococcus","s__alactolyticus","p__Firmicutes_c__Bacilli_o__Lactobacillales_f__Streptococcaceae_g__Streptococcus_s__alactolyticus"
"880506","k__Bacteria","p__Firmicutes","c__Clostridia","o__Clostridiales","f__[Tissierellaceae]","g__GW-34","s__","p__Firmicutes_c__Clostridia_o__Clostridiales_f__[Tissierellaceae]_g__GW-34_s__"
"4483006","k__Bacteria","p__Firmicutes","c__Bacilli","o__Bacillales","f__Bacillaceae","g__Bacillus","s__cereus","p__Firmicutes_c__Bacilli_o__Bacillales_f__Bacillaceae_g__Bacillus_s__cereus"
"4463108","k__Bacteria","p__Firmicutes","c__Bacilli","o__Lactobacillales","f__Lactobacillaceae","g__Lactobacillus","s__ruminis","p__Firmicutes_c__Bacilli_o__Lactobacillales_f__Lactobacillaceae_g__Lactobacillus_s__ruminis"
"124693","k__Bacteria","p__Proteobacteria","c__Betaproteobacteria","o__Burkholderiales","f__Comamonadaceae","g__Tepidimonas","s__","p__Proteobacteria_c__Betaproteobacteria_o__Burkholderiales_f__Comamonadaceae_g__Tepidimonas_s__"
"718624","k__Bacteria","p__Proteobacteria","c__Gammaproteobacteria","o__Enterobacteriales","f__Enterobacteriaceae","g__Serratia","s__ureilytica","p__Proteobacteria_c__Gammaproteobacteria_o__Enterobacteriales_f__Enterobacteriaceae_g__Serratia_s__ureilytica"
"484444","k__Bacteria","p__Firmicutes","c__Bacilli","o__Lactobacillales","f__Lactobacillaceae","g__Lactobacillus","s__coleohominis","p__Firmicutes_c__Bacilli_o__Lactobacillales_f__Lactobacillaceae_g__Lactobacillus_s__coleohominis"
"4452280","k__Bacteria","p__Actinobacteria","c__Actinobacteria","o__Actinomycetales","f__Actinomycetaceae","g__","s__","p__Actinobacteria_c__Actinobacteria_o__Actinomycetales_f__Actinomycetaceae_g___s__"
"4429736","k__Bacteria","p__Proteobacteria","c__Alphaproteobacteria","o__Rhodobacterales","f__Rhodobacteraceae","g__Paracoccus","s__","p__Proteobacteria_c__Alphaproteobacteria_o__Rhodobacterales_f__Rhodobacteraceae_g__Paracoccus_s__"
"872701","k__Bacteria","p__Actinobacteria","c__Coriobacteriia","o__Coriobacteriales","f__Coriobacteriaceae","g__Atopobium","s__","p__Actinobacteria_c__Coriobacteriia_o__Coriobacteriales_f__Coriobacteriaceae_g__Atopobium_s__"
"505670","k__Bacteria","p__Firmicutes","c__Clostridia","o__Clostridiales","f__[Tissierellaceae]","g__WAL_1855D","s__","p__Firmicutes_c__Clostridia_o__Clostridiales_f__[Tissierellaceae]_g__WAL_1855D_s__"
"193667","k__Bacteria","p__Firmicutes","c__Clostridia","o__Clostridiales","f__Ruminococcaceae","g__Faecalibacterium","s__","p__Firmicutes_c__Clostridia_o__Clostridiales_f__Ruminococcaceae_g__Faecalibacterium_s__"
"4476548","k__Bacteria","p__Proteobacteria","c__Alphaproteobacteria","o__Rhizobiales","f__Methylobacteriaceae","g__Methylobacterium","s__","p__Proteobacteria_c__Alphaproteobacteria_o__Rhizobiales_f__Methylobacteriaceae_g__Methylobacterium_s__"
"3757787","k__Bacteria","p__Bacteroidetes","c__Bacteroidia","o__Bacteroidales","f__Porphyromonadaceae","g__Dysgonomonas","s__","p__Bacteroidetes_c__Bacteroidia_o__Bacteroidales_f__Porphyromonadaceae_g__Dysgonomonas_s__"
"109591","k__Bacteria","p__Actinobacteria","c__Actinobacteria","o__Actinomycetales","f__Dermabacteraceae","g__Dermabacter","s__","p__Actinobacteria_c__Actinobacteria_o__Actinomycetales_f__Dermabacteraceae_g__Dermabacter_s__"
"156434","k__Bacteria","p__Proteobacteria","c__Gammaproteobacteria","o__Chromatiales","f__","g__","s__","p__Proteobacteria_c__Gammaproteobacteria_o__Chromatiales_f___g___s__"
"4294838","k__Bacteria","p__Firmicutes","c__Clostridia","o__Clostridiales","f__Lachnospiraceae","g__Moryella","s__","p__Firmicutes_c__Clostridia_o__Clostridiales_f__Lachnospiraceae_g__Moryella_s__"
"4402520","k__Bacteria","p__Proteobacteria","c__Betaproteobacteria","o__Burkholderiales","f__Comamonadaceae","g__Methylibium","s__","p__Proteobacteria_c__Betaproteobacteria_o__Burkholderiales_f__Comamonadaceae_g__Methylibium_s__"
"4436552","k__Bacteria","p__Bacteroidetes","c__Bacteroidia","o__Bacteroidales","f__Prevotellaceae","g__Prevotella","s__copri","p__Bacteroidetes_c__Bacteroidia_o__Bacteroidales_f__Prevotellaceae_g__Prevotella_s__copri"
"9912","k__Bacteria","p__Proteobacteria","c__Gammaproteobacteria","o__Enterobacteriales","f__Enterobacteriaceae","g__Erwinia","s__","p__Proteobacteria_c__Gammaproteobacteria_o__Enterobacteriales_f__Enterobacteriaceae_g__Erwinia_s__"
"4470260","k__Bacteria","p__Firmicutes","c__Bacilli","o__Bacillales","f__","g__","s__","p__Firmicutes_c__Bacilli_o__Bacillales_f___g___s__"
"4476950","k__Bacteria","p__Firmicutes","c__Clostridia","o__Clostridiales","f__[Tissierellaceae]","g__Anaerococcus","s__","p__Firmicutes_c__Clostridia_o__Clostridiales_f__[Tissierellaceae]_g__Anaerococcus_s__"
"4325509","k__Bacteria","p__Firmicutes","c__Clostridia","o__Clostridiales","f__Lachnospiraceae","g__Robinsoniella","s__peoriensis","p__Firmicutes_c__Clostridia_o__Clostridiales_f__Lachnospiraceae_g__Robinsoniella_s__peoriensis"
"4468506","k__Bacteria","p__Firmicutes","c__Clostridia","o__Clostridiales","f__Lachnospiraceae","g__Blautia","s__producta","p__Firmicutes_c__Clostridia_o__Clostridiales_f__Lachnospiraceae_g__Blautia_s__producta"
"4471251","k__Bacteria","p__Proteobacteria","c__Gammaproteobacteria","o__Pasteurellales","f__Pasteurellaceae","g__Haemophilus","s__","p__Proteobacteria_c__Gammaproteobacteria_o__Pasteurellales_f__Pasteurellaceae_g__Haemophilus_s__"
"1696853","k__Bacteria","p__Firmicutes","c__Bacilli","o__Lactobacillales","f__Carnobacteriaceae","g__Granulicatella","s__","p__Firmicutes_c__Bacilli_o__Lactobacillales_f__Carnobacteriaceae_g__Granulicatella_s__"
"1126230","k__Bacteria","p__Actinobacteria","c__Actinobacteria","o__Actinomycetales","f__Dermabacteraceae","g__Devriesea","s__agamarum","p__Actinobacteria_c__Actinobacteria_o__Actinomycetales_f__Dermabacteraceae_g__Devriesea_s__agamarum"
"370368","k__Bacteria","p__Proteobacteria","c__Alphaproteobacteria","o__Rhodobacterales","f__Rhodobacteraceae","g__Paracoccus","s__aminovorans","p__Proteobacteria_c__Alphaproteobacteria_o__Rhodobacterales_f__Rhodobacteraceae_g__Paracoccus_s__aminovorans"
"256783","k__Bacteria","p__Proteobacteria","c__Alphaproteobacteria","o__Rhodobacterales","f__Rhodobacteraceae","g__Rhodobacter","s__","p__Proteobacteria_c__Alphaproteobacteria_o__Rhodobacterales_f__Rhodobacteraceae_g__Rhodobacter_s__"
"1061145","k__Bacteria","p__Proteobacteria","c__Alphaproteobacteria","o__Rhizobiales","f__Beijerinckiaceae","g__","s__","p__Proteobacteria_c__Alphaproteobacteria_o__Rhizobiales_f__Beijerinckiaceae_g___s__"
"4427546","k__Bacteria","p__Proteobacteria","c__Alphaproteobacteria","o__Sphingomonadales","f__Sphingomonadaceae","g__Sphingobium","s__","p__Proteobacteria_c__Alphaproteobacteria_o__Sphingomonadales_f__Sphingomonadaceae_g__Sphingobium_s__"
"3228684","k__Bacteria","p__Proteobacteria","c__Gammaproteobacteria","o__Pasteurellales","f__Pasteurellaceae","g__","s__","p__Proteobacteria_c__Gammaproteobacteria_o__Pasteurellales_f__Pasteurellaceae_g___s__"
"4451477","k__Bacteria","p__Firmicutes","c__Clostridia","o__Clostridiales","f__Clostridiaceae","g__Clostridium","s__perfringens","p__Firmicutes_c__Clostridia_o__Clostridiales_f__Clostridiaceae_g__Clostridium_s__perfringens"
"523577","k__Bacteria","p__Firmicutes","c__Clostridia","o__Clostridiales","f__[Tissierellaceae]","g__Gallicola","s__","p__Firmicutes_c__Clostridia_o__Clostridiales_f__[Tissierellaceae]_g__Gallicola_s__"
"4466843","k__Bacteria","p__Fusobacteria","c__Fusobacteriia","o__Fusobacteriales","f__Fusobacteriaceae","g__Fusobacterium","s__","p__Fusobacteria_c__Fusobacteriia_o__Fusobacteriales_f__Fusobacteriaceae_g__Fusobacterium_s__"
"138179","k__Bacteria","p__Bacteroidetes","c__Bacteroidia","o__Bacteroidales","f__Porphyromonadaceae","g__Porphyromonas","s__","p__Bacteroidetes_c__Bacteroidia_o__Bacteroidales_f__Porphyromonadaceae_g__Porphyromonas_s__"
"4320353","k__Bacteria","p__Proteobacteria","c__Betaproteobacteria","o__Burkholderiales","f__Burkholderiaceae","g__","s__","p__Proteobacteria_c__Betaproteobacteria_o__Burkholderiales_f__Burkholderiaceae_g___s__"
"256012","k__Bacteria","p__Proteobacteria","c__Gammaproteobacteria","o__Oceanospirillales","f__Oceanospirillaceae","g__","s__","p__Proteobacteria_c__Gammaproteobacteria_o__Oceanospirillales_f__Oceanospirillaceae_g___s__"
"132546","k__Bacteria","p__Firmicutes","c__Clostridia","o__Clostridiales","f__[Tissierellaceae]","g__Parvimonas","s__","p__Firmicutes_c__Clostridia_o__Clostridiales_f__[Tissierellaceae]_g__Parvimonas_s__"
"360508","k__Bacteria","p__Proteobacteria","c__Betaproteobacteria","o__Burkholderiales","f__Oxalobacteraceae","g__Oxalobacter","s__formigenes","p__Proteobacteria_c__Betaproteobacteria_o__Burkholderiales_f__Oxalobacteraceae_g__Oxalobacter_s__formigenes"
"4409449","k__Bacteria","p__Bacteroidetes","c__[Saprospirae]","o__[Saprospirales]","f__Chitinophagaceae","g__","s__","p__Bacteroidetes_c__[Saprospirae]_o__[Saprospirales]_f__Chitinophagaceae_g___s__"
"4310398","k__Bacteria","p__Bacteroidetes","c__Bacteroidia","o__Bacteroidales","f__Prevotellaceae","g__Prevotella","s__nanceiensis","p__Bacteroidetes_c__Bacteroidia_o__Bacteroidales_f__Prevotellaceae_g__Prevotella_s__nanceiensis"
"4483046","k__Bacteria","p__Bacteroidetes","c__Bacteroidia","o__Bacteroidales","f__[Odoribacteraceae]","g__Butyricimonas","s__","p__Bacteroidetes_c__Bacteroidia_o__Bacteroidales_f__[Odoribacteraceae]_g__Butyricimonas_s__"
"310215","k__Bacteria","p__Bacteroidetes","c__Bacteroidia","o__Bacteroidales","f__","g__","s__","p__Bacteroidetes_c__Bacteroidia_o__Bacteroidales_f___g___s__"
"246528","k__Bacteria","p__Proteobacteria","c__Gammaproteobacteria","o__Pseudomonadales","f__Moraxellaceae","g__Moraxella","s__","p__Proteobacteria_c__Gammaproteobacteria_o__Pseudomonadales_f__Moraxellaceae_g__Moraxella_s__"
"148354","k__Bacteria","p__Firmicutes","c__Clostridia","o__Clostridiales","f__Christensenellaceae","g__","s__","p__Firmicutes_c__Clostridia_o__Clostridiales_f__Christensenellaceae_g___s__"
"4419276","k__Bacteria","p__Proteobacteria","c__Gammaproteobacteria","o__Pseudomonadales","f__Pseudomonadaceae","g__Pseudomonas","s__","p__Proteobacteria_c__Gammaproteobacteria_o__Pseudomonadales_f__Pseudomonadaceae_g__Pseudomonas_s__"
"3805726","k__Bacteria","p__Firmicutes","c__Clostridia","o__Clostridiales","f__[Mogibacteriaceae]","g__","s__","p__Firmicutes_c__Clostridia_o__Clostridiales_f__[Mogibacteriaceae]_g___s__"
"3847840","k__Bacteria","p__Proteobacteria","c__Betaproteobacteria","o__Neisseriales","f__Neisseriaceae","g__Vogesella","s__","p__Proteobacteria_c__Betaproteobacteria_o__Neisseriales_f__Neisseriaceae_g__Vogesella_s__"
"275378","k__Bacteria","p__Proteobacteria","c__Gammaproteobacteria","o__Oceanospirillales","f__Alcanivoracaceae","g__Alcanivorax","s__","p__Proteobacteria_c__Gammaproteobacteria_o__Oceanospirillales_f__Alcanivoracaceae_g__Alcanivorax_s__"
"650615","k__Bacteria","p__Actinobacteria","c__Actinobacteria","o__Actinomycetales","f__Corynebacteriaceae","g__Corynebacterium","s__stationis","p__Actinobacteria_c__Actinobacteria_o__Actinomycetales_f__Corynebacteriaceae_g__Corynebacterium_s__stationis"
"4435655","k__Bacteria","p__Proteobacteria","c__Alphaproteobacteria","o__RF32","f__","g__","s__","p__Proteobacteria_c__Alphaproteobacteria_o__RF32_f___g___s__"
"239066","k__Bacteria","p__Proteobacteria","c__Deltaproteobacteria","o__Bdellovibrionales","f__Bacteriovoracaceae","g__","s__","p__Proteobacteria_c__Deltaproteobacteria_o__Bdellovibrionales_f__Bacteriovoracaceae_g___s__"
"191718","k__Bacteria","p__Firmicutes","c__Erysipelotrichi","o__Erysipelotrichales","f__Erysipelotrichaceae","g__","s__","p__Firmicutes_c__Erysipelotrichi_o__Erysipelotrichales_f__Erysipelotrichaceae_g___s__"
"70512","k__Bacteria","p__Proteobacteria","c__Gammaproteobacteria","o__Pasteurellales","f__Pasteurellaceae","g__Actinobacillus","s__porcinus","p__Proteobacteria_c__Gammaproteobacteria_o__Pasteurellales_f__Pasteurellaceae_g__Actinobacillus_s__porcinus"
"996487","k__Bacteria","p__Firmicutes","c__Bacilli","o__Bacillales","f__Staphylococcaceae","g__Staphylococcus","s__epidermidis","p__Firmicutes_c__Bacilli_o__Bacillales_f__Staphylococcaceae_g__Staphylococcus_s__epidermidis"
"185593","k__Bacteria","p__Tenericutes","c__Mollicutes","o__Anaeroplasmatales","f__Anaeroplasmataceae","g__","s__","p__Tenericutes_c__Mollicutes_o__Anaeroplasmatales_f__Anaeroplasmataceae_g___s__"
"4467056","k__Bacteria","p__Actinobacteria","c__Actinobacteria","o__Actinomycetales","f__Cellulomonadaceae","g__Actinotalea","s__","p__Actinobacteria_c__Actinobacteria_o__Actinomycetales_f__Cellulomonadaceae_g__Actinotalea_s__"
"4425394","k__Bacteria","p__Proteobacteria","c__Gammaproteobacteria","o__Pseudomonadales","f__Moraxellaceae","g__","s__","p__Proteobacteria_c__Gammaproteobacteria_o__Pseudomonadales_f__Moraxellaceae_g___s__"
"4339160","k__Bacteria","p__Firmicutes","c__Bacilli","o__Lactobacillales","f__Enterococcaceae","g__Vagococcus","s__","p__Firmicutes_c__Bacilli_o__Lactobacillales_f__Enterococcaceae_g__Vagococcus_s__"
"4477254","k__Bacteria","p__Proteobacteria","c__Alphaproteobacteria","o__Sphingomonadales","f__Sphingomonadaceae","g__Sphingomonas","s__yabuuchiae","p__Proteobacteria_c__Alphaproteobacteria_o__Sphingomonadales_f__Sphingomonadaceae_g__Sphingomonas_s__yabuuchiae"
"555445","k__Bacteria","p__Firmicutes","c__Clostridia","o__Clostridiales","f__Lachnospiraceae","g__Clostridium","s__fimetarium","p__Firmicutes_c__Clostridia_o__Clostridiales_f__Lachnospiraceae_g__Clostridium_s__fimetarium"
"4430826","k__Bacteria","p__Fusobacteria","c__Fusobacteriia","o__Fusobacteriales","f__Leptotrichiaceae","g__Leptotrichia","s__","p__Fusobacteria_c__Fusobacteriia_o__Fusobacteriales_f__Leptotrichiaceae_g__Leptotrichia_s__"
"4393962","k__Bacteria","p__TM7","c__TM7-3","o__","f__","g__","s__","p__TM7_c__TM7-3_o___f___g___s__"
"4447105","k__Bacteria","p__Proteobacteria","c__Betaproteobacteria","o__Rhodocyclales","f__Rhodocyclaceae","g__Zoogloea","s__","p__Proteobacteria_c__Betaproteobacteria_o__Rhodocyclales_f__Rhodocyclaceae_g__Zoogloea_s__"
"836308","k__Bacteria","p__Proteobacteria","c__Gammaproteobacteria","o__Enterobacteriales","f__Enterobacteriaceae","g__Plesiomonas","s__shigelloides","p__Proteobacteria_c__Gammaproteobacteria_o__Enterobacteriales_f__Enterobacteriaceae_g__Plesiomonas_s__shigelloides"
"2599837","k__Bacteria","p__Bacteroidetes","c__Bacteroidia","o__Bacteroidales","f__Bacteroidaceae","g__Bacteroides","s__caccae","p__Bacteroidetes_c__Bacteroidia_o__Bacteroidales_f__Bacteroidaceae_g__Bacteroides_s__caccae"
"315846","k__Bacteria","p__Bacteroidetes","c__Bacteroidia","o__Bacteroidales","f__[Barnesiellaceae]","g__","s__","p__Bacteroidetes_c__Bacteroidia_o__Bacteroidales_f__[Barnesiellaceae]_g___s__"
"4465746","k__Bacteria","p__Firmicutes","c__Clostridia","o__Clostridiales","f__Clostridiaceae","g__SMB53","s__","p__Firmicutes_c__Clostridia_o__Clostridiales_f__Clostridiaceae_g__SMB53_s__"
"4316151","k__Bacteria","p__Bacteroidetes","c__Flavobacteriia","o__Flavobacteriales","f__[Weeksellaceae]","g__Chryseobacterium","s__","p__Bacteroidetes_c__Flavobacteriia_o__Flavobacteriales_f__[Weeksellaceae]_g__Chryseobacterium_s__"
"517804","k__Bacteria","p__Proteobacteria","c__Gammaproteobacteria","o__Aeromonadales","f__Succinivibrionaceae","g__Succinivibrio","s__","p__Proteobacteria_c__Gammaproteobacteria_o__Aeromonadales_f__Succinivibrionaceae_g__Succinivibrio_s__"
"4482362","k__Bacteria","p__Proteobacteria","c__Gammaproteobacteria","o__Alteromonadales","f__[Chromatiaceae]","g__Alkalimonas","s__amylolytica","p__Proteobacteria_c__Gammaproteobacteria_o__Alteromonadales_f__[Chromatiaceae]_g__Alkalimonas_s__amylolytica"
"29566","k__Bacteria","p__Fusobacteria","c__Fusobacteriia","o__Fusobacteriales","f__Leptotrichiaceae","g__Sneathia","s__","p__Fusobacteria_c__Fusobacteriia_o__Fusobacteriales_f__Leptotrichiaceae_g__Sneathia_s__"
"4481455","k__Bacteria","p__Bacteroidetes","c__Flavobacteriia","o__Flavobacteriales","f__Flavobacteriaceae","g__Capnocytophaga","s__","p__Bacteroidetes_c__Flavobacteriia_o__Flavobacteriales_f__Flavobacteriaceae_g__Capnocytophaga_s__"
"279048","k__Bacteria","p__Cyanobacteria","c__4C0d-2","o__YS2","f__","g__","s__","p__Cyanobacteria_c__4C0d-2_o__YS2_f___g___s__"
"4430843","k__Bacteria","p__Bacteroidetes","c__Bacteroidia","o__Bacteroidales","f__Prevotellaceae","g__Prevotella","s__","p__Bacteroidetes_c__Bacteroidia_o__Bacteroidales_f__Prevotellaceae_g__Prevotella_s__"
"4347078","k__Bacteria","p__Actinobacteria","c__Actinobacteria","o__Actinomycetales","f__Intrasporangiaceae","g__Serinicoccus","s__","p__Actinobacteria_c__Actinobacteria_o__Actinomycetales_f__Intrasporangiaceae_g__Serinicoccus_s__"
"359872","k__Bacteria","p__Proteobacteria","c__Deltaproteobacteria","o__Desulfovibrionales","f__Desulfovibrionaceae","g__Bilophila","s__","p__Proteobacteria_c__Deltaproteobacteria_o__Desulfovibrionales_f__Desulfovibrionaceae_g__Bilophila_s__"
"1145098","k__Bacteria","p__Firmicutes","c__Clostridia","o__Clostridiales","f__Lachnospiraceae","g__Ruminococcus","s__gauvreauii","p__Firmicutes_c__Clostridia_o__Clostridiales_f__Lachnospiraceae_g__Ruminococcus_s__gauvreauii"
"4425214","k__Bacteria","p__Firmicutes","c__Bacilli","o__Lactobacillales","f__Streptococcaceae","g__Streptococcus","s__","p__Firmicutes_c__Bacilli_o__Lactobacillales_f__Streptococcaceae_g__Streptococcus_s__"
"548475","k__Bacteria","p__Verrucomicrobia","c__Verrucomicrobiae","o__Verrucomicrobiales","f__Verrucomicrobiaceae","g__Akkermansia","s__muciniphila","p__Verrucomicrobia_c__Verrucomicrobiae_o__Verrucomicrobiales_f__Verrucomicrobiaceae_g__Akkermansia_s__muciniphila"
"4466006","k__Bacteria","p__Actinobacteria","c__Actinobacteria","o__Actinomycetales","f__Micrococcaceae","g__Rothia","s__dentocariosa","p__Actinobacteria_c__Actinobacteria_o__Actinomycetales_f__Micrococcaceae_g__Rothia_s__dentocariosa"
"554600","k__Bacteria","p__Bacteroidetes","c__Bacteroidia","o__Bacteroidales","f__[Paraprevotellaceae]","g__YRC22","s__","p__Bacteroidetes_c__Bacteroidia_o__Bacteroidales_f__[Paraprevotellaceae]_g__YRC22_s__"
"4413170","k__Bacteria","p__Proteobacteria","c__Gammaproteobacteria","o__Alteromonadales","f__Idiomarinaceae","g__Pseudidiomarina","s__","p__Proteobacteria_c__Gammaproteobacteria_o__Alteromonadales_f__Idiomarinaceae_g__Pseudidiomarina_s__"
"4326874","k__Bacteria","p__Proteobacteria","c__Betaproteobacteria","o__Burkholderiales","f__Comamonadaceae","g__Acidovorax","s__","p__Proteobacteria_c__Betaproteobacteria_o__Burkholderiales_f__Comamonadaceae_g__Acidovorax_s__"
"104135","k__Bacteria","p__Actinobacteria","c__Actinobacteria","o__Actinomycetales","f__Actinomycetaceae","g__Mobiluncus","s__","p__Actinobacteria_c__Actinobacteria_o__Actinomycetales_f__Actinomycetaceae_g__Mobiluncus_s__"
"4392747","k__Bacteria","p__Cyanobacteria","c__Synechococcophycideae","o__Synechococcales","f__Synechococcaceae","g__Synechococcus","s__","p__Cyanobacteria_c__Synechococcophycideae_o__Synechococcales_f__Synechococcaceae_g__Synechococcus_s__"
"4395995","k__Bacteria","p__Proteobacteria","c__Betaproteobacteria","o__Burkholderiales","f__Comamonadaceae","g__Ramlibacter","s__","p__Proteobacteria_c__Betaproteobacteria_o__Burkholderiales_f__Comamonadaceae_g__Ramlibacter_s__"
"4363066","k__Bacteria","p__Proteobacteria","c__Gammaproteobacteria","o__Pasteurellales","f__Pasteurellaceae","g__Aggregatibacter","s__","p__Proteobacteria_c__Gammaproteobacteria_o__Pasteurellales_f__Pasteurellaceae_g__Aggregatibacter_s__"
"1395","k__Bacteria","p__[Thermi]","c__Deinococci","o__Thermales","f__Thermaceae","g__Meiothermus","s__","p__[Thermi]_c__Deinococci_o__Thermales_f__Thermaceae_g__Meiothermus_s__"
"4383958","k__Bacteria","p__Proteobacteria","c__Gammaproteobacteria","o__Enterobacteriales","f__Enterobacteriaceae","g__Enterobacter","s__","p__Proteobacteria_c__Gammaproteobacteria_o__Enterobacteriales_f__Enterobacteriaceae_g__Enterobacter_s__"
"4332878","k__Bacteria","p__Actinobacteria","c__Coriobacteriia","o__Coriobacteriales","f__Coriobacteriaceae","g__Slackia","s__","p__Actinobacteria_c__Coriobacteriia_o__Coriobacteriales_f__Coriobacteriaceae_g__Slackia_s__"
"4482374","k__Bacteria","p__Proteobacteria","c__Gammaproteobacteria","o__Pseudomonadales","f__Moraxellaceae","g__Acinetobacter","s__johnsonii","p__Proteobacteria_c__Gammaproteobacteria_o__Pseudomonadales_f__Moraxellaceae_g__Acinetobacter_s__johnsonii"
"495007","k__Bacteria","p__Firmicutes","c__Clostridia","o__Clostridiales","f__[Tissierellaceae]","g__ph2","s__","p__Firmicutes_c__Clostridia_o__Clostridiales_f__[Tissierellaceae]_g__ph2_s__"
"469663","k__Bacteria","p__Actinobacteria","c__Coriobacteriia","o__Coriobacteriales","f__Coriobacteriaceae","g__Atopobium","s__vaginae","p__Actinobacteria_c__Coriobacteriia_o__Coriobacteriales_f__Coriobacteriaceae_g__Atopobium_s__vaginae"
"171518","k__Bacteria","p__Proteobacteria","c__Gammaproteobacteria","o__Enterobacteriales","f__Enterobacteriaceae","g__Citrobacter","s__","p__Proteobacteria_c__Gammaproteobacteria_o__Enterobacteriales_f__Enterobacteriaceae_g__Citrobacter_s__"
"4453060","k__Bacteria","p__Firmicutes","c__Bacilli","o__Lactobacillales","f__Enterococcaceae","g__Enterococcus","s__","p__Firmicutes_c__Bacilli_o__Lactobacillales_f__Enterococcaceae_g__Enterococcus_s__"
"3746876","k__Bacteria","p__Proteobacteria","c__Alphaproteobacteria","o__Rickettsiales","f__mitochondria","g__Carludovica","s__palmata","p__Proteobacteria_c__Alphaproteobacteria_o__Rickettsiales_f__mitochondria_g__Carludovica_s__palmata"
"274257","k__Bacteria","p__Firmicutes","c__Erysipelotrichi","o__Erysipelotrichales","f__Erysipelotrichaceae","g__Bulleidia","s__","p__Firmicutes_c__Erysipelotrichi_o__Erysipelotrichales_f__Erysipelotrichaceae_g__Bulleidia_s__"
"613779","k__Bacteria","p__Firmicutes","c__Bacilli","o__Bacillales","f__Sporolactobacillaceae","g__Pullulanibacillus","s__","p__Firmicutes_c__Bacilli_o__Bacillales_f__Sporolactobacillaceae_g__Pullulanibacillus_s__"
"290686","k__Bacteria","p__Verrucomicrobia","c__Opitutae","o__[Cerasicoccales]","f__[Cerasicoccaceae]","g__","s__","p__Verrucomicrobia_c__Opitutae_o__[Cerasicoccales]_f__[Cerasicoccaceae]_g___s__"
"4350788","k__Bacteria","p__Proteobacteria","c__Gammaproteobacteria","o__Enterobacteriales","f__Enterobacteriaceae","g__Salmonella","s__enterica","p__Proteobacteria_c__Gammaproteobacteria_o__Enterobacteriales_f__Enterobacteriaceae_g__Salmonella_s__enterica"
"4468125","k__Bacteria","p__Actinobacteria","c__Actinobacteria","o__Actinomycetales","f__Nocardiaceae","g__Rhodococcus","s__","p__Actinobacteria_c__Actinobacteria_o__Actinomycetales_f__Nocardiaceae_g__Rhodococcus_s__"
"4469833","k__Bacteria","p__Firmicutes","c__Bacilli","o__Bacillales","f__Bacillaceae","g__Bacillus","s__","p__Firmicutes_c__Bacilli_o__Bacillales_f__Bacillaceae_g__Bacillus_s__"
"4476604","k__Bacteria","p__Firmicutes","c__Clostridia","o__Clostridiales","f__Lachnospiraceae","g__[Ruminococcus]","s__gnavus","p__Firmicutes_c__Clostridia_o__Clostridiales_f__Lachnospiraceae_g__[Ruminococcus]_s__gnavus"
"2730944","k__Bacteria","p__Bacteroidetes","c__Bacteroidia","o__Bacteroidales","f__Bacteroidaceae","g__Bacteroides","s__coprophilus","p__Bacteroidetes_c__Bacteroidia_o__Bacteroidales_f__Bacteroidaceae_g__Bacteroides_s__coprophilus"
"4381303","k__Bacteria","p__Firmicutes","c__Clostridia","o__Clostridiales","f__Lachnospiraceae","g__Clostridium","s__citroniae","p__Firmicutes_c__Clostridia_o__Clostridiales_f__Lachnospiraceae_g__Clostridium_s__citroniae"
"4408751","k__Bacteria","p__Bacteroidetes","c__Sphingobacteriia","o__Sphingobacteriales","f__Sphingobacteriaceae","g__","s__","p__Bacteroidetes_c__Sphingobacteriia_o__Sphingobacteriales_f__Sphingobacteriaceae_g___s__"
"835880","k__Bacteria","p__Proteobacteria","c__Gammaproteobacteria","o__Enterobacteriales","f__Enterobacteriaceae","g__Serratia","s__symbiotica","p__Proteobacteria_c__Gammaproteobacteria_o__Enterobacteriales_f__Enterobacteriaceae_g__Serratia_s__symbiotica"
"4478815","k__Bacteria","p__Firmicutes","c__Clostridia","o__Clostridiales","f__Lachnospiraceae","g__Coprococcus","s__","p__Firmicutes_c__Clostridia_o__Clostridiales_f__Lachnospiraceae_g__Coprococcus_s__"
"181074","k__Bacteria","p__Firmicutes","c__Erysipelotrichi","o__Erysipelotrichales","f__Erysipelotrichaceae","g__cc_115","s__","p__Firmicutes_c__Erysipelotrichi_o__Erysipelotrichales_f__Erysipelotrichaceae_g__cc_115_s__"
"714181","k__Bacteria","p__Proteobacteria","c__Alphaproteobacteria","o__Rhizobiales","f__","g__","s__","p__Proteobacteria_c__Alphaproteobacteria_o__Rhizobiales_f___g___s__"
"4360511","k__Bacteria","p__Proteobacteria","c__Gammaproteobacteria","o__Enterobacteriales","f__Enterobacteriaceae","g__Serratia","s__","p__Proteobacteria_c__Gammaproteobacteria_o__Enterobacteriales_f__Enterobacteriaceae_g__Serratia_s__"
"262849","k__Bacteria","p__Proteobacteria","c__Gammaproteobacteria","o__Aeromonadales","f__Succinivibrionaceae","g__Ruminobacter","s__","p__Proteobacteria_c__Gammaproteobacteria_o__Aeromonadales_f__Succinivibrionaceae_g__Ruminobacter_s__"
"150477","k__Archaea","p__Euryarchaeota","c__Methanobacteria","o__Methanobacteriales","f__Methanobacteriaceae","g__Methanosphaera","s__","p__Euryarchaeota_c__Methanobacteria_o__Methanobacteriales_f__Methanobacteriaceae_g__Methanosphaera_s__"
"969248","k__Bacteria","p__Actinobacteria","c__Actinobacteria","o__Actinomycetales","f__Brevibacteriaceae","g__Brevibacterium","s__paucivorans","p__Actinobacteria_c__Actinobacteria_o__Actinomycetales_f__Brevibacteriaceae_g__Brevibacterium_s__paucivorans"
"1134896","k__Bacteria","p__Actinobacteria","c__Actinobacteria","o__Actinomycetales","f__Brevibacteriaceae","g__Brevibacterium","s__","p__Actinobacteria_c__Actinobacteria_o__Actinomycetales_f__Brevibacteriaceae_g__Brevibacterium_s__"
"4473664","k__Bacteria","p__Firmicutes","c__Clostridia","o__Clostridiales","f__Peptostreptococcaceae","g__Peptostreptococcus","s__anaerobius","p__Firmicutes_c__Clostridia_o__Clostridiales_f__Peptostreptococcaceae_g__Peptostreptococcus_s__anaerobius"
"258882","k__Bacteria","p__Firmicutes","c__Bacilli","o__Gemellales","f__Gemellaceae","g__Gemella","s__","p__Firmicutes_c__Bacilli_o__Gemellales_f__Gemellaceae_g__Gemella_s__"
"342971","k__Bacteria","p__Proteobacteria","c__Alphaproteobacteria","o__Rhodospirillales","f__Acetobacteraceae","g__Gluconacetobacter","s__diazotrophicus","p__Proteobacteria_c__Alphaproteobacteria_o__Rhodospirillales_f__Acetobacteraceae_g__Gluconacetobacter_s__diazotrophicus"
"4423331","k__Bacteria","p__Proteobacteria","c__Betaproteobacteria","o__Burkholderiales","f__","g__","s__","p__Proteobacteria_c__Betaproteobacteria_o__Burkholderiales_f___g___s__"
"2136916","k__Bacteria","p__Lentisphaerae","c__[Lentisphaeria]","o__Victivallales","f__Victivallaceae","g__Victivallis","s__vadensis","p__Lentisphaerae_c__[Lentisphaeria]_o__Victivallales_f__Victivallaceae_g__Victivallis_s__vadensis"
"4328910","k__Bacteria","p__Firmicutes","c__Clostridia","o__Clostridiales","f__Veillonellaceae","g__Veillonella","s__parvula","p__Firmicutes_c__Clostridia_o__Clostridiales_f__Veillonellaceae_g__Veillonella_s__parvula"
"4330673","k__Bacteria","p__Actinobacteria","c__Actinobacteria","o__Actinomycetales","f__Micrococcaceae","g__Arthrobacter","s__","p__Actinobacteria_c__Actinobacteria_o__Actinomycetales_f__Micrococcaceae_g__Arthrobacter_s__"
"4439690","k__Bacteria","p__Firmicutes","c__Clostridia","o__Clostridiales","f__Veillonellaceae","g__Selenomonas","s__","p__Firmicutes_c__Clostridia_o__Clostridiales_f__Veillonellaceae_g__Selenomonas_s__"
"755148","k__Bacteria","p__Firmicutes","c__Clostridia","o__Clostridiales","f__[Tissierellaceae]","g__1-68","s__","p__Firmicutes_c__Clostridia_o__Clostridiales_f__[Tissierellaceae]_g__1-68_s__"
"4437436","k__Bacteria","p__Proteobacteria","c__Gammaproteobacteria","o__Pseudomonadales","f__Pseudomonadaceae","g__Pseudomonas","s__pseudoalcaligenes","p__Proteobacteria_c__Gammaproteobacteria_o__Pseudomonadales_f__Pseudomonadaceae_g__Pseudomonas_s__pseudoalcaligenes"
"4454529","k__Bacteria","p__Proteobacteria","c__Gammaproteobacteria","o__Pseudomonadales","f__Pseudomonadaceae","g__","s__","p__Proteobacteria_c__Gammaproteobacteria_o__Pseudomonadales_f__Pseudomonadaceae_g___s__"
"4314416","k__Bacteria","p__Proteobacteria","c__Betaproteobacteria","o__Methylophilales","f__Methylophilaceae","g__","s__","p__Proteobacteria_c__Betaproteobacteria_o__Methylophilales_f__Methylophilaceae_g___s__"
"4346780","k__Bacteria","p__Proteobacteria","c__Betaproteobacteria","o__Burkholderiales","f__Burkholderiaceae","g__Burkholderia","s__","p__Proteobacteria_c__Betaproteobacteria_o__Burkholderiales_f__Burkholderiaceae_g__Burkholderia_s__"
"2941399","k__Bacteria","p__Synergistetes","c__Synergistia","o__Synergistales","f__Synergistaceae","g__Synergistes","s__","p__Synergistetes_c__Synergistia_o__Synergistales_f__Synergistaceae_g__Synergistes_s__"
"955102","k__Bacteria","p__Actinobacteria","c__Actinobacteria","o__Actinomycetales","f__Actinomycetaceae","g__Actinomyces","s__","p__Actinobacteria_c__Actinobacteria_o__Actinomycetales_f__Actinomycetaceae_g__Actinomyces_s__"
"4482889","k__Bacteria","p__Firmicutes","c__Bacilli","o__Lactobacillales","f__Aerococcaceae","g__Aerococcus","s__","p__Firmicutes_c__Bacilli_o__Lactobacillales_f__Aerococcaceae_g__Aerococcus_s__"
"839282","k__Bacteria","p__Firmicutes","c__Bacilli","o__Lactobacillales","f__Leuconostocaceae","g__","s__","p__Firmicutes_c__Bacilli_o__Lactobacillales_f__Leuconostocaceae_g___s__"
"185148","k__Bacteria","p__Firmicutes","c__Clostridia","o__Clostridiales","f__Lachnospiraceae","g__Blautia","s__obeum","p__Firmicutes_c__Clostridia_o__Clostridiales_f__Lachnospiraceae_g__Blautia_s__obeum"
"129798","k__Bacteria","p__Firmicutes","c__Bacilli","o__Lactobacillales","f__Lactobacillaceae","g__Lactobacillus","s__iners","p__Firmicutes_c__Bacilli_o__Lactobacillales_f__Lactobacillaceae_g__Lactobacillus_s__iners"
"121873","k__Bacteria","p__Firmicutes","c__Clostridia","o__Clostridiales","f__Dehalobacteriaceae","g__Dehalobacterium","s__","p__Firmicutes_c__Clostridia_o__Clostridiales_f__Dehalobacteriaceae_g__Dehalobacterium_s__"
"4441793","k__Bacteria","p__Proteobacteria","c__Alphaproteobacteria","o__Rhodobacterales","f__Rhodobacteraceae","g__","s__","p__Proteobacteria_c__Alphaproteobacteria_o__Rhodobacterales_f__Rhodobacteraceae_g___s__"
"4347159","k__Bacteria","p__Actinobacteria","c__Actinobacteria","o__Bifidobacteriales","f__Bifidobacteriaceae","g__Bifidobacterium","s__adolescentis","p__Actinobacteria_c__Actinobacteria_o__Bifidobacteriales_f__Bifidobacteriaceae_g__Bifidobacterium_s__adolescentis"
"3225199","k__Bacteria","p__Proteobacteria","c__Alphaproteobacteria","o__Rickettsiales","f__mitochondria","g__Lupinus","s__luteus","p__Proteobacteria_c__Alphaproteobacteria_o__Rickettsiales_f__mitochondria_g__Lupinus_s__luteus"
"278683","k__Bacteria","p__Proteobacteria","c__Gammaproteobacteria","o__Thiotrichales","f__Thiotrichaceae","g__","s__","p__Proteobacteria_c__Gammaproteobacteria_o__Thiotrichales_f__Thiotrichaceae_g___s__"
"4481613","k__Bacteria","p__Actinobacteria","c__Coriobacteriia","o__Coriobacteriales","f__Coriobacteriaceae","g__Collinsella","s__aerofaciens","p__Actinobacteria_c__Coriobacteriia_o__Coriobacteriales_f__Coriobacteriaceae_g__Collinsella_s__aerofaciens"
"823916","k__Bacteria","p__Proteobacteria","c__Gammaproteobacteria","o__Pseudomonadales","f__Moraxellaceae","g__Enhydrobacter","s__","p__Proteobacteria_c__Gammaproteobacteria_o__Pseudomonadales_f__Moraxellaceae_g__Enhydrobacter_s__"
"4476186","k__Bacteria","p__Bacteroidetes","c__Bacteroidia","o__Bacteroidales","f__Prevotellaceae","g__Prevotella","s__stercorea","p__Bacteroidetes_c__Bacteroidia_o__Bacteroidales_f__Prevotellaceae_g__Prevotella_s__stercorea"
"4411875","k__Bacteria","p__Actinobacteria","c__Actinobacteria","o__Bifidobacteriales","f__Bifidobacteriaceae","g__Scardovia","s__","p__Actinobacteria_c__Actinobacteria_o__Bifidobacteriales_f__Bifidobacteriaceae_g__Scardovia_s__"
"470117","k__Bacteria","p__Firmicutes","c__Clostridia","o__Clostridiales","f__Ruminococcaceae","g__Clostridium","s__methylpentosum","p__Firmicutes_c__Clostridia_o__Clostridiales_f__Ruminococcaceae_g__Clostridium_s__methylpentosum"
"4461490","k__Bacteria","p__Tenericutes","c__Mollicutes","o__Mycoplasmatales","f__Mycoplasmataceae","g__Mycoplasma","s__","p__Tenericutes_c__Mollicutes_o__Mycoplasmatales_f__Mycoplasmataceae_g__Mycoplasma_s__"
"4355718","k__Bacteria","p__Actinobacteria","c__Actinobacteria","o__Actinomycetales","f__Actinomycetaceae","g__Actinomyces","s__hyovaginalis","p__Actinobacteria_c__Actinobacteria_o__Actinomycetales_f__Actinomycetaceae_g__Actinomyces_s__hyovaginalis"
"3121406","k__Bacteria","p__Synergistetes","c__Synergistia","o__Synergistales","f__Synergistaceae","g__Cloacibacillus","s__","p__Synergistetes_c__Synergistia_o__Synergistales_f__Synergistaceae_g__Cloacibacillus_s__"
"12562","k__Bacteria","p__Actinobacteria","c__Actinobacteria","o__Actinomycetales","f__Actinomycetaceae","g__Actinomyces","s__europaeus","p__Actinobacteria_c__Actinobacteria_o__Actinomycetales_f__Actinomycetaceae_g__Actinomyces_s__europaeus"
"341179","k__Bacteria","p__Verrucomicrobia","c__Verruco-5","o__WCHB1-41","f__WCHB1-25","g__","s__","p__Verrucomicrobia_c__Verruco-5_o__WCHB1-41_f__WCHB1-25_g___s__"
"4356099","k__Bacteria","p__Proteobacteria","c__Gammaproteobacteria","o__Aeromonadales","f__Aeromonadaceae","g__","s__","p__Proteobacteria_c__Gammaproteobacteria_o__Aeromonadales_f__Aeromonadaceae_g___s__"
"15728","k__Bacteria","p__Firmicutes","c__Erysipelotrichi","o__Erysipelotrichales","f__Erysipelotrichaceae","g__Holdemania","s__","p__Firmicutes_c__Erysipelotrichi_o__Erysipelotrichales_f__Erysipelotrichaceae_g__Holdemania_s__"
"836693","k__Bacteria","p__Firmicutes","c__Clostridia","o__SHA-98","f__","g__","s__","p__Firmicutes_c__Clostridia_o__SHA-98_f___g___s__"
"4371886","k__Bacteria","p__Proteobacteria","c__Gammaproteobacteria","o__Xanthomonadales","f__Xanthomonadaceae","g__Lysobacter","s__","p__Proteobacteria_c__Gammaproteobacteria_o__Xanthomonadales_f__Xanthomonadaceae_g__Lysobacter_s__"
"2036774","k__Bacteria","p__Bacteroidetes","c__Cytophagia","o__Cytophagales","f__Cytophagaceae","g__","s__","p__Bacteroidetes_c__Cytophagia_o__Cytophagales_f__Cytophagaceae_g___s__"
"4425368","k__Bacteria","p__Firmicutes","c__Clostridia","o__Clostridiales","f__Veillonellaceae","g__Megasphaera","s__","p__Firmicutes_c__Clostridia_o__Clostridiales_f__Veillonellaceae_g__Megasphaera_s__"
"4453609","k__Bacteria","p__Bacteroidetes","c__Bacteroidia","o__Bacteroidales","f__Rikenellaceae","g__","s__","p__Bacteroidetes_c__Bacteroidia_o__Bacteroidales_f__Rikenellaceae_g___s__"
"686900","k__Bacteria","p__Firmicutes","c__Clostridia","o__Clostridiales","f__Lachnospiraceae","g__Oribacterium","s__","p__Firmicutes_c__Clostridia_o__Clostridiales_f__Lachnospiraceae_g__Oribacterium_s__"
"4432891","k__Bacteria","p__Proteobacteria","c__Gammaproteobacteria","o__Enterobacteriales","f__Enterobacteriaceae","g__Enterobacter","s__hormaechei","p__Proteobacteria_c__Gammaproteobacteria_o__Enterobacteriales_f__Enterobacteriaceae_g__Enterobacter_s__hormaechei"
"4450877","k__Bacteria","p__Proteobacteria","c__Betaproteobacteria","o__Burkholderiales","f__Comamonadaceae","g__Comamonas","s__","p__Proteobacteria_c__Betaproteobacteria_o__Burkholderiales_f__Comamonadaceae_g__Comamonas_s__"
"780793","k__Bacteria","p__Proteobacteria","c__Betaproteobacteria","o__Burkholderiales","f__Alcaligenaceae","g__","s__","p__Proteobacteria_c__Betaproteobacteria_o__Burkholderiales_f__Alcaligenaceae_g___s__"
"2211108","k__Bacteria","p__Proteobacteria","c__Alphaproteobacteria","o__Caulobacterales","f__Caulobacteraceae","g__Brevundimonas","s__diminuta","p__Proteobacteria_c__Alphaproteobacteria_o__Caulobacterales_f__Caulobacteraceae_g__Brevundimonas_s__diminuta"
"1132942","k__Bacteria","p__Firmicutes","c__Clostridia","o__Clostridiales","f__Ruminococcaceae","g__Butyricicoccus","s__pullicaecorum","p__Firmicutes_c__Clostridia_o__Clostridiales_f__Ruminococcaceae_g__Butyricicoccus_s__pullicaecorum"
"1144153","k__Bacteria","p__Firmicutes","c__Bacilli","o__Lactobacillales","f__Lactobacillaceae","g__Lactobacillus","s__","p__Firmicutes_c__Bacilli_o__Lactobacillales_f__Lactobacillaceae_g__Lactobacillus_s__"
"4318122","k__Bacteria","p__Proteobacteria","c__Gammaproteobacteria","o__Pasteurellales","f__Pasteurellaceae","g__Actinobacillus","s__parahaemolyticus","p__Proteobacteria_c__Gammaproteobacteria_o__Pasteurellales_f__Pasteurellaceae_g__Actinobacillus_s__parahaemolyticus"
"347243","k__Bacteria","p__Bacteroidetes","c__Bacteroidia","o__Bacteroidales","f__Prevotellaceae","g__","s__","p__Bacteroidetes_c__Bacteroidia_o__Bacteroidales_f__Prevotellaceae_g___s__"
"708925","k__Bacteria","p__Proteobacteria","c__Gammaproteobacteria","o__Pasteurellales","f__Pasteurellaceae","g__Gallibacterium","s__","p__Proteobacteria_c__Gammaproteobacteria_o__Pasteurellales_f__Pasteurellaceae_g__Gallibacterium_s__"
"1122673","k__Bacteria","p__Firmicutes","c__Clostridia","o__Clostridiales","f__Ruminococcaceae","g__Ruminococcus","s__flavefaciens","p__Firmicutes_c__Clostridia_o__Clostridiales_f__Ruminococcaceae_g__Ruminococcus_s__flavefaciens"
"150412","k__Bacteria","p__Bacteroidetes","c__Bacteroidia","o__Bacteroidales","f__Porphyromonadaceae","g__Parabacteroides","s__gordonii","p__Bacteroidetes_c__Bacteroidia_o__Bacteroidales_f__Porphyromonadaceae_g__Parabacteroides_s__gordonii"
"3035013","k__Bacteria","p__Firmicutes","c__Bacilli","o__Lactobacillales","f__Enterococcaceae","g__Enterococcus","s__asini","p__Firmicutes_c__Bacilli_o__Lactobacillales_f__Enterococcaceae_g__Enterococcus_s__asini"
"888575","k__Bacteria","p__Firmicutes","c__Bacilli","o__Gemellales","f__","g__","s__","p__Firmicutes_c__Bacilli_o__Gemellales_f___g___s__"
"4311620","k__Bacteria","p__Firmicutes","c__Clostridia","o__Clostridiales","f__EtOH8","g__","s__","p__Firmicutes_c__Clostridia_o__Clostridiales_f__EtOH8_g___s__"
"365385","k__Bacteria","p__Actinobacteria","c__Actinobacteria","o__Bifidobacteriales","f__Bifidobacteriaceae","g__Bifidobacterium","s__bifidum","p__Actinobacteria_c__Actinobacteria_o__Bifidobacteriales_f__Bifidobacteriaceae_g__Bifidobacterium_s__bifidum"
