"","Rank1","Rank2","Rank3","Rank4","Rank5","Rank6","Rank7"
"4479946","k__Bacteria","p__Proteobacteria","c__Betaproteobacteria","o__MND1","f__","g__",NA
"4454356","k__Bacteria","p__Proteobacteria","c__Betaproteobacteria","o__Neisseriales","f__Neisseriaceae","g__Neisseria",NA
"261920","k__Bacteria","p__Proteobacteria","c__Gammaproteobacteria","o__Vibrionales","f__Pseudoalteromonadaceae","g__Pseudoalteromonas",NA
"4465907","k__Bacteria","p__Firmicutes","c__Clostridia","o__Clostridiales","f__Lachnospiraceae","g__Blautia",NA
"548689","k__Bacteria","p__Firmicutes","c__Clostridia","o__Clostridiales","f__Ruminococcaceae","g__Ethanoligenens",NA
"248902","k__Bacteria","p__Firmicutes","c__Bacilli","o__Turicibacterales","f__Turicibacteraceae","g__Turicibacter",NA
"316675","k__Bacteria","p__Firmicutes","c__Clostridia","o__Clostridiales","f__Peptostreptococcaceae","g__",NA
"558915","k__Bacteria","p__Proteobacteria","c__Betaproteobacteria","o__Burkholderiales","f__Burkholderiaceae","g__",NA
"4471762","k__Bacteria","p__Proteobacteria","c__Gammaproteobacteria","o__Pasteurellales","f__Pasteurellaceae","g__Bibersteinia",NA
"4423236","k__Bacteria","p__Proteobacteria","c__Gammaproteobacteria","o__Pasteurellales","f__Pasteurellaceae","g__Aggregatibacter",NA
"4437455","k__Bacteria","p__Proteobacteria","c__Gammaproteobacteria","o__Oceanospirillales","f__","g__",NA
"4426333","k__Bacteria","p__Proteobacteria","c__Gammaproteobacteria","o__Enterobacteriales","f__Enterobacteriaceae","g__Serratia",NA
"4456892","k__Bacteria","p__Proteobacteria","c__Gammaproteobacteria","o__Enterobacteriales","f__Enterobacteriaceae","g__Rahnella",NA
"4338624","k__Bacteria","p__Proteobacteria","c__Betaproteobacteria","o__Burkholderiales","f__Alcaligenaceae","g__Sutterella",NA
"4456091","k__Bacteria","p__Fusobacteria","c__Fusobacteriia","o__Fusobacteriales","f__Fusobacteriaceae","g__Fusobacterium",NA
"137183","k__Bacteria","p__Actinobacteria","c__Actinobacteria","o__Bifidobacteriales","f__Bifidobacteriaceae","g__Gardnerella",NA
"4469400","k__Bacteria","p__Proteobacteria","c__Betaproteobacteria","o__Neisseriales","f__Neisseriaceae","g__",NA
"607877","k__Bacteria","p__Firmicutes","c__Clostridia","o__Clostridiales","f__Lachnospiraceae","g__Shuttleworthia",NA
"4453318","k__Bacteria","p__Proteobacteria","c__Alphaproteobacteria","o__Rickettsiales","f__mitochondria","g__Grevillea",NA
"2936048","k__Bacteria","p__Firmicutes","c__Erysipelotrichi","o__Erysipelotrichales","f__Erysipelotrichaceae","g__p-75-a5",NA
"4479695","k__Bacteria","p__Proteobacteria","c__Gammaproteobacteria","o__Pasteurellales","f__Pasteurellaceae","g__Actinobacillus",NA
"1140286","k__Bacteria","p__Proteobacteria","c__Betaproteobacteria","o__Burkholderiales","f__Comamonadaceae","g__Xenophilus",NA
"807782","k__Bacteria","p__Proteobacteria","c__Alphaproteobacteria","o__Rhodospirillales","f__Acetobacteraceae","g__",NA
"4475936","k__Bacteria","p__Proteobacteria","c__Gammaproteobacteria","o__Enterobacteriales","f__Enterobacteriaceae","g__Salmonella",NA
"310283","k__Bacteria","p__Proteobacteria","c__Gammaproteobacteria","o__Chromatiales","f__Ectothiorhodospiraceae","g__",NA
"565016","k__Bacteria","p__Proteobacteria","c__Gammaproteobacteria","o__Thiotrichales","f__Thiotrichaceae","g__Thiothrix",NA
"4468965","k__Bacteria","p__Proteobacteria","c__Alphaproteobacteria","o__Rickettsiales","f__mitochondria","g__Gyrocarpus",NA
"10180","k__Bacteria","p__Proteobacteria","c__Gammaproteobacteria","o__Enterobacteriales","f__Enterobacteriaceae","g__Aquamonas",NA
"1122581","k__Bacteria","p__Proteobacteria","c__Alphaproteobacteria","o__Sphingomonadales","f__Sphingomonadaceae","g__Sphingobium",NA
"154591","k__Bacteria","p__Actinobacteria","c__Actinobacteria","o__Actinomycetales","f__Pseudonocardiaceae","g__",NA
"4479484","k__Bacteria","p__Proteobacteria","c__Alphaproteobacteria","o__Sphingomonadales","f__Sphingomonadaceae","g__Sphingomonas",NA
"327923","k__Bacteria","p__Proteobacteria","c__Gammaproteobacteria","o__Chromatiales","f__Ectothiorhodospiraceae","g__Halorhodospira",NA
"4457438","k__Bacteria","p__Firmicutes","c__Clostridia","o__Clostridiales","f__Lachnospiraceae","g__",NA
"4330340","k__Bacteria","p__Actinobacteria","c__Actinobacteria","o__Bifidobacteriales","f__Bifidobacteriaceae","g__Bombiscardovia",NA
"531748","k__Bacteria","p__Proteobacteria","c__Betaproteobacteria","o__Burkholderiales","f__Comamonadaceae","g__Thiomonas",NA
"108476","k__Bacteria","p__Firmicutes","c__Clostridia","o__Clostridiales","f__[Tissierellaceae]","g__Dethiosulfatibacter",NA
"1107773","k__Bacteria","p__Proteobacteria","c__Gammaproteobacteria","o__HOC36","f__","g__",NA
"3344719","k__Bacteria","p__Proteobacteria","c__Gammaproteobacteria","o__[Marinicellales]","f__[Marinicellaceae]","g__",NA
"1116679","k__Bacteria","p__Proteobacteria","c__Gammaproteobacteria","o__Enterobacteriales","f__Enterobacteriaceae","g__Providencia",NA
"220679","k__Bacteria","p__Bacteroidetes","c__Bacteroidia","o__Bacteroidales","f__Porphyromonadaceae","g__Paludibacter",NA
"3121406","k__Bacteria","p__Synergistetes","c__Synergistia","o__Synergistales","f__Synergistaceae","g__Cloacibacillus",NA
"121566","k__Bacteria","p__Tenericutes","c__Mollicutes","o__Acholeplasmatales","f__Acholeplasmataceae","g__Acholeplasma",NA
"836917","k__Bacteria","p__Bacteroidetes","c__Bacteroidia","o__Bacteroidales","f__Marinilabiaceae","g__Cytophaga",NA
"541661","k__Bacteria","p__Proteobacteria","c__Betaproteobacteria","o__Rhodocyclales","f__Rhodocyclaceae","g__Propionivibrio",NA
"4365130","k__Bacteria","p__Bacteroidetes","c__Bacteroidia","o__Bacteroidales","f__Porphyromonadaceae","g__Parabacteroides",NA
"1810358","k__Bacteria","p__Proteobacteria","c__Betaproteobacteria","o__Rhodocyclales","f__Rhodocyclaceae","g__Rhodocyclus",NA
"4388772","k__Bacteria","p__Proteobacteria","c__Betaproteobacteria","o__Rhodocyclales","f__Rhodocyclaceae","g__Dechloromonas",NA
"4099915","k__Bacteria","p__Firmicutes","c__Clostridia","o__Clostridiales","f__Clostridiaceae","g__Clostridiisalibacter",NA
"53642","k__Bacteria","p__Firmicutes","c__Clostridia","o__Clostridiales","f__Ruminococcaceae","g__Clostridium",NA
"174174","k__Bacteria","p__Firmicutes","c__Clostridia","o__Clostridiales","f__Clostridiaceae","g__02d06",NA
"367809","k__Bacteria","p__Proteobacteria","c__Gammaproteobacteria","o__Enterobacteriales","f__Enterobacteriaceae","g__Edwardsiella",NA
"8054","k__Bacteria","p__Proteobacteria","c__Gammaproteobacteria","o__Methylococcales","f__Methylococcaceae","g__Methylomonas",NA
"4394973","k__Bacteria","p__Proteobacteria","c__Gammaproteobacteria","o__Thiotrichales","f__Piscirickettsiaceae","g__Methylophaga",NA
"4471067","k__Bacteria","p__Proteobacteria","c__Alphaproteobacteria","o__Rhizobiales","f__Rhizobiaceae","g__",NA
"288889","k__Bacteria","p__Bacteroidetes","c__Bacteroidia","o__Bacteroidales","f__Bacteroidaceae","g__5-7N15",NA
"518452","k__Bacteria","p__Firmicutes","c__Clostridia","o__Clostridiales","f__Eubacteriaceae","g__Garciella",NA
"4419564","k__Bacteria","p__Proteobacteria","c__Betaproteobacteria","o__Rhodocyclales","f__Rhodocyclaceae","g__Denitratisoma",NA
"4449014","k__Bacteria","p__Firmicutes","c__Clostridia","o__Clostridiales","f__[Acidaminobacteraceae]","g__Acidaminobacter",NA
"4366487","k__Bacteria","p__Bacteroidetes","c__Flavobacteriia","o__Flavobacteriales","f__Flavobacteriaceae","g__Capnocytophaga",NA
"547256","k__Bacteria","p__Proteobacteria","c__Gammaproteobacteria","o__Alteromonadales","f__Alteromonadaceae","g__Marinobacter",NA
"311077","k__Bacteria","p__Proteobacteria","c__Gammaproteobacteria","o__Oceanospirillales","f__Alcanivoracaceae","g__Alcanivorax",NA
"4453710","k__Bacteria","p__Proteobacteria","c__Betaproteobacteria","o__Burkholderiales","f__Comamonadaceae","g__Rhodoferax",NA
"4470078","k__Bacteria","p__Actinobacteria","c__Actinobacteria","o__Actinomycetales","f__Corynebacteriaceae","g__Corynebacterium",NA
"312863","k__Bacteria","p__Proteobacteria","c__Betaproteobacteria","o__Rhodocyclales","f__Rhodocyclaceae","g__Thauera",NA
"9546","k__Bacteria","p__Proteobacteria","c__Gammaproteobacteria","o__Pasteurellales","f__Pasteurellaceae","g__Lonepinella",NA
"4349062","k__Bacteria","p__Proteobacteria","c__Deltaproteobacteria","o__DTB120","f__","g__",NA
"194429","k__Bacteria","p__Bacteroidetes","c__Bacteroidia","o__Bacteroidales","f__Prevotellaceae","g__",NA
"4434334","k__Bacteria","p__Firmicutes","c__Clostridia","o__Clostridiales","f__Clostridiaceae","g__",NA
"108086","k__Bacteria","p__Proteobacteria","c__Gammaproteobacteria","o__Chromatiales","f__Chromatiaceae","g__",NA
"235065","k__Bacteria","p__Tenericutes","c__Mollicutes","o__RF39","f__","g__",NA
"4381303","k__Bacteria","p__Firmicutes","c__Clostridia","o__Clostridiales","f__Lachnospiraceae","g__Clostridium",NA
"349582","k__Bacteria","p__Proteobacteria","c__Gammaproteobacteria","o__Oceanospirillales","f__Oleiphilaceae","g__",NA
"1139930","k__Bacteria","p__Firmicutes","c__Clostridia","o__Clostridiales","f__[Acidaminobacteraceae]","g__WH1-8",NA
"328727","k__Bacteria","p__Firmicutes","c__Bacilli","o__Lactobacillales","f__Streptococcaceae","g__",NA
"437014","k__Bacteria","p__Firmicutes","c__Bacilli","o__Bacillales","f__Paenibacillaceae","g__Cohnella",NA
"45363","k__Bacteria","p__Firmicutes","c__Erysipelotrichi","o__Erysipelotrichales","f__Erysipelotrichaceae","g__Clostridium",NA
"851938","k__Bacteria","p__Firmicutes","c__Erysipelotrichi","o__Erysipelotrichales","f__Erysipelotrichaceae","g__Bulleidia",NA
"4301097","k__Bacteria","p__Proteobacteria","c__Alphaproteobacteria","o__Rhizobiales","f__","g__",NA
"1135930","k__Bacteria","p__Firmicutes","c__Clostridia","o__Clostridiales","f__Eubacteriaceae","g__",NA
"4470014","k__Bacteria","p__Proteobacteria","c__Alphaproteobacteria","o__","f__","g__",NA
"305278","k__Bacteria","p__Bacteroidetes","c__Sphingobacteriia","o__Sphingobacteriales","f__Sphingobacteriaceae","g__Pedobacter",NA
"4316060","k__Bacteria","p__Firmicutes","c__Clostridia","o__Clostridiales","f__Lachnospiraceae","g__Pseudobutyrivibrio",NA
"579049","k__Bacteria","p__Firmicutes","c__Bacilli","o__Bacillales","f__Bacillaceae","g__Anaerobacillus",NA
"535342","k__Bacteria","p__Proteobacteria","c__TA18","o__PHOS-HD29","f__","g__",NA
"343273","k__Bacteria","p__Firmicutes","c__Bacilli","o__Lactobacillales","f__Enterococcaceae","g__Vagococcus",NA
"316014","k__Bacteria","p__Firmicutes","c__Clostridia","o__Clostridiales","f__Clostridiaceae","g__Sarcina",NA
"1122982","k__Bacteria","p__Firmicutes","c__Clostridia","o__MBA08","f__","g__",NA
"576819","k__Bacteria","p__Proteobacteria","c__Gammaproteobacteria","o__Pasteurellales","f__Pasteurellaceae","g__Avibacterium",NA
"3058999","k__Bacteria","p__Proteobacteria","c__Gammaproteobacteria","o__Oceanospirillales","f__Hahellaceae","g__Hahella",NA
"4380976","k__Bacteria","p__Firmicutes","c__Bacilli","o__Lactobacillales","f__Lactobacillaceae","g__Pediococcus",NA
"4410353","k__Bacteria","p__Actinobacteria","c__Actinobacteria","o__Actinomycetales","f__Brevibacteriaceae","g__Brevibacterium",NA
"4453535","k__Bacteria","p__Firmicutes","c__Bacilli","o__Gemellales","f__Gemellaceae","g__",NA
"360508","k__Bacteria","p__Proteobacteria","c__Betaproteobacteria","o__Burkholderiales","f__Oxalobacteraceae","g__Oxalobacter",NA
"3931537","k__Bacteria","p__Firmicutes","c__Clostridia","o__Clostridiales","f__Clostridiaceae","g__Clostridium",NA
"2036","k__Bacteria","p__Bacteroidetes","c__Bacteroidia","o__Bacteroidales","f__[Paraprevotellaceae]","g__",NA
"4452489","k__Bacteria","p__Proteobacteria","c__Gammaproteobacteria","o__Vibrionales","f__Vibrionaceae","g__Photobacterium",NA
"181074","k__Bacteria","p__Firmicutes","c__Erysipelotrichi","o__Erysipelotrichales","f__Erysipelotrichaceae","g__cc_115",NA
"4424415","k__Bacteria","p__Proteobacteria","c__Betaproteobacteria","o__Rhodocyclales","f__Rhodocyclaceae","g__Methyloversatilis",NA
"716416","k__Bacteria","p__Proteobacteria","c__Betaproteobacteria","o__Nitrosomonadales","f__Nitrosomonadaceae","g__",NA
"4448798","k__Bacteria","p__Firmicutes","c__Clostridia","o__Clostridiales","f__SBYG_4172","g__",NA
"4329575","k__Bacteria","p__Lentisphaerae","c__[Lentisphaeria]","o__Victivallales","f__Victivallaceae","g__",NA
"316560","k__Bacteria","p__Firmicutes","c__Bacilli","o__Lactobacillales","f__Carnobacteriaceae","g__Carnobacterium",NA
"83013","k__Bacteria","p__Proteobacteria","c__Gammaproteobacteria","o__Pasteurellales","f__Pasteurellaceae","g__Volucribacter",NA
"4453317","k__Bacteria","p__Proteobacteria","c__Alphaproteobacteria","o__Rickettsiales","f__mitochondria","g__Calycanthus",NA
"1139973","k__Bacteria","p__Proteobacteria","c__Gammaproteobacteria","o__Xanthomonadales","f__Xanthomonadaceae","g__",NA
"535624","k__Bacteria","p__Firmicutes","c__Clostridia","o__Clostridiales","f__Clostridiaceae","g__Oxobacter",NA
"571089","k__Bacteria","p__Proteobacteria","c__Deltaproteobacteria","o__Desulfarculales","f__Desulfarculaceae","g__",NA
"76547","k__Bacteria","p__Firmicutes","c__Clostridia","o__Clostridiales","f__[Mogibacteriaceae]","g__Mogibacterium",NA
"4361547","k__Bacteria","p__Proteobacteria","c__Betaproteobacteria","o__Rhodocyclales","f__Rhodocyclaceae","g__",NA
"4468024","k__Bacteria","p__Proteobacteria","c__Gammaproteobacteria","o__Enterobacteriales","f__Enterobacteriaceae","g__Escherichia",NA
"1109850","k__Bacteria","p__Proteobacteria","c__Betaproteobacteria","o__Rhodocyclales","f__Rhodocyclaceae","g__Sulfuritalea",NA
"46026","k__Bacteria","p__Proteobacteria","c__Gammaproteobacteria","o__Alteromonadales","f__[Chromatiaceae]","g__",NA
"513552","k__Bacteria","p__Firmicutes","c__Clostridia","o__Clostridiales","f__Veillonellaceae","g__Anaerovibrio",NA
"4395884","k__Bacteria","p__Firmicutes","c__Clostridia","o__Clostridiales","f__[Tissierellaceae]","g__Parvimonas",NA
"342427","k__Bacteria","p__Firmicutes","c__Clostridia","o__Clostridiales","f__Veillonellaceae","g__Veillonella",NA
"4452050","k__Bacteria","p__Proteobacteria","c__Gammaproteobacteria","o__Enterobacteriales","f__Enterobacteriaceae","g__Klebsiella",NA
"4418310","k__Bacteria","p__Proteobacteria","c__Gammaproteobacteria","o__Alteromonadales","f__Alteromonadaceae","g__Agarivorans",NA
"4468234","k__Bacteria","p__Bacteroidetes","c__Bacteroidia","o__Bacteroidales","f__Bacteroidaceae","g__Bacteroides",NA
"4336255","k__Bacteria","p__Proteobacteria","c__Betaproteobacteria","o__Neisseriales","f__Neisseriaceae","g__Chromobacterium",NA
"4298637","k__Bacteria","p__Proteobacteria","c__Betaproteobacteria","o__Burkholderiales","f__Alcaligenaceae","g__Taylorella",NA
"4474079","k__Bacteria","p__Firmicutes","c__Clostridia","o__Clostridiales","f__Peptostreptococcaceae","g__Tepidibacter",NA
"328472","k__Bacteria","p__Actinobacteria","c__Actinobacteria","o__Actinomycetales","f__Actinomycetaceae","g__Varibaculum",NA
"895959","k__Bacteria","p__Proteobacteria","c__Alphaproteobacteria","o__Rickettsiales","f__","g__",NA
"4393532","k__Bacteria","p__Actinobacteria","c__Coriobacteriia","o__Coriobacteriales","f__Coriobacteriaceae","g__Eggerthella",NA
"559380","k__Bacteria","p__Firmicutes","c__Clostridia","o__Natranaerobiales","f__Anaerobrancaceae","g__",NA
"1139148","k__Bacteria","p__Proteobacteria","c__Gammaproteobacteria","o__Cardiobacteriales","f__Cardiobacteriaceae","g__Suttonella",NA
"168104","k__Bacteria","p__Proteobacteria","c__Betaproteobacteria","o__Rhodocyclales","f__Rhodocyclaceae","g__Dok59",NA
"293386","k__Bacteria","p__Firmicutes","c__Clostridia","o__Clostridiales","f__[Acidaminobacteraceae]","g__",NA
"4482376","k__Bacteria","p__Firmicutes","c__Bacilli","o__Lactobacillales","f__Carnobacteriaceae","g__",NA
"707955","k__Bacteria","p__Proteobacteria","c__Gammaproteobacteria","o__Pasteurellales","f__Pasteurellaceae","g__",NA
"4481131","k__Bacteria","p__Firmicutes","c__Clostridia","o__Clostridiales","f__Ruminococcaceae","g__Faecalibacterium",NA
"369241","k__Bacteria","p__Proteobacteria","c__Alphaproteobacteria","o__Rhodospirillales","f__Rhodospirillaceae","g__",NA
"133176","k__Bacteria","p__Acidobacteria","c__Holophagae","o__Holophagales","f__Holophagaceae","g__",NA
"4412750","k__Bacteria","p__Proteobacteria","c__Gammaproteobacteria","o__Alteromonadales","f__OM60","g__Congregibacter",NA
"4452118","k__Bacteria","p__Proteobacteria","c__Betaproteobacteria","o__Burkholderiales","f__Comamonadaceae","g__Leptothrix",NA
"4350466","k__Bacteria","p__Bacteroidetes","c__Flavobacteriia","o__Flavobacteriales","f__[Weeksellaceae]","g__",NA
"4464735","k__Bacteria","p__Proteobacteria","c__Betaproteobacteria","o__Neisseriales","f__Neisseriaceae","g__Vogesella",NA
"209606","k__Bacteria","p__Bacteroidetes","c__Bacteroidia","o__Bacteroidales","f__Bacteroidaceae","g__BF311",NA
"3275744","k__Bacteria","p__Proteobacteria","c__Betaproteobacteria","o__Burkholderiales","f__Oxalobacteraceae","g__Herbaspirillum",NA
"174924","k__Bacteria","p__Firmicutes","c__Clostridia","o__Clostridiales","f__Ruminococcaceae","g__Ruminococcus",NA
"300496","k__Bacteria","p__Bacteroidetes","c__Bacteroidia","o__Bacteroidales","f__BS11","g__",NA
"4430581","k__Bacteria","p__Bacteroidetes","c__Bacteroidia","o__Bacteroidales","f__[Paraprevotellaceae]","g__[Prevotella]",NA
"1100972","k__Bacteria","p__Firmicutes","c__Bacilli","o__Lactobacillales","f__Streptococcaceae","g__Lactococcus",NA
"140325","k__Bacteria","p__Proteobacteria","c__Gammaproteobacteria","o__Oceanospirillales","f__Halomonadaceae","g__Candidatus Portiera",NA
"298120","k__Bacteria","p__Firmicutes","c__Bacilli","o__Lactobacillales","f__Leuconostocaceae","g__",NA
"107401","k__Bacteria","p__Proteobacteria","c__Gammaproteobacteria","o__Pasteurellales","f__Pasteurellaceae","g__Mannheimia",NA
"1099710","k__Bacteria","p__Firmicutes","c__Clostridia","o__Clostridiales","f__Peptococcaceae","g__Peptococcus",NA
"10365","k__Bacteria","p__Proteobacteria","c__Gammaproteobacteria","o__Enterobacteriales","f__Enterobacteriaceae","g__Yersinia",NA
"816867","k__Bacteria","p__Firmicutes","c__Bacilli","o__Bacillales","f__Thermoactinomycetaceae","g__",NA
"4024061","k__Bacteria","p__Acidobacteria","c__Acidobacteria-6","o__iii1-15","f__","g__",NA
"324331","k__Bacteria","p__Proteobacteria","c__Gammaproteobacteria","o__Enterobacteriales","f__Enterobacteriaceae","g__Photorhabdus",NA
"342268","k__Bacteria","p__Firmicutes","c__Clostridia","o__Clostridiales","f__Peptostreptococcaceae","g__Clostridium",NA
"4480861","k__Bacteria","p__Firmicutes","c__Erysipelotrichi","o__Erysipelotrichales","f__Erysipelotrichaceae","g__Catenibacterium",NA
"836766","k__Bacteria","p__Tenericutes","c__CK-1C4-19","o__","f__","g__",NA
"772177","k__Bacteria","p__Proteobacteria","c__Alphaproteobacteria","o__Rhizobiales","f__Bradyrhizobiaceae","g__Nitrobacter",NA
"2864281","k__Bacteria","p__Firmicutes","c__Clostridia","o__Clostridiales","f__Veillonellaceae","g__Succiniclasticum",NA
"3537197","k__Bacteria","p__Firmicutes","c__Clostridia","o__Clostridiales","f__Lachnospiraceae","g__Anaerostipes",NA
"4480244","k__Bacteria","p__Firmicutes","c__Clostridia","o__Clostridiales","f__Veillonellaceae","g__Dialister",NA
"4417470","k__Bacteria","p__Proteobacteria","c__Betaproteobacteria","o__Methylophilales","f__","g__",NA
"524674","k__Bacteria","p__Firmicutes","c__Bacilli","o__Lactobacillales","f__Enterococcaceae","g__Enterococcus",NA
"582846","k__Bacteria","p__Firmicutes","c__Clostridia","o__Clostridiales","f__[Mogibacteriaceae]","g__Anaerovorax",NA
"306613","k__Bacteria","p__Firmicutes","c__Clostridia","o__Natranaerobiales","f__ML1228J-1","g__",NA
"357522","k__Bacteria","p__Actinobacteria","c__Actinobacteria","o__Actinomycetales","f__Micrococcaceae","g__",NA
"1126750","k__Bacteria","p__Proteobacteria","c__Betaproteobacteria","o__Burkholderiales","f__Alcaligenaceae","g__",NA
"4451018","k__Bacteria","p__Proteobacteria","c__Betaproteobacteria","o__Burkholderiales","f__Comamonadaceae","g__Tepidimonas",NA
"4338740","k__Bacteria","p__Proteobacteria","c__Gammaproteobacteria","o__Alteromonadales","f__Alteromonadaceae","g__Glaciecola",NA
"573624","k__Bacteria","p__Actinobacteria","c__Actinobacteria","o__Actinomycetales","f__Intrasporangiaceae","g__",NA
"237479","k__Bacteria","p__Proteobacteria","c__Deltaproteobacteria","o__","f__","g__",NA
"55486","k__Bacteria","p__Proteobacteria","c__Betaproteobacteria","o__Neisseriales","f__Neisseriaceae","g__Alysiella",NA
"4347829","k__Bacteria","p__Bacteroidetes","c__Bacteroidia","o__Bacteroidales","f__[Barnesiellaceae]","g__Barnesiella",NA
"684858","k__Bacteria","p__Proteobacteria","c__Betaproteobacteria","o__","f__","g__",NA
"1136387","k__Bacteria","p__Actinobacteria","c__Actinobacteria","o__Bifidobacteriales","f__Bifidobacteriaceae","g__Alloscardovia",NA
"553938","k__Bacteria","p__Firmicutes","c__Clostridia","o__Clostridiales","f__Clostridiaceae","g__Tindallia_Anoxynatronum",NA
"173595","k__Bacteria","p__Proteobacteria","c__Betaproteobacteria","o__Rhodocyclales","f__Rhodocyclaceae","g__Azospira",NA
"4481427","k__Bacteria","p__Firmicutes","c__Clostridia","o__Clostridiales","f__Lachnospiraceae","g__Roseburia",NA
"4477199","k__Bacteria","p__Proteobacteria","c__Betaproteobacteria","o__Burkholderiales","f__Comamonadaceae","g__Limnohabitans",NA
"170060","k__Bacteria","p__Proteobacteria","c__Gammaproteobacteria","o__Thiotrichales","f__Thiotrichaceae","g__",NA
"333961","k__Bacteria","p__Proteobacteria","c__Gammaproteobacteria","o__Alteromonadales","f__Idiomarinaceae","g__Pseudidiomarina",NA
"1109623","k__Bacteria","p__Proteobacteria","c__Gammaproteobacteria","o__Enterobacteriales","f__Enterobacteriaceae","g__Hafnia",NA
"922239","k__Bacteria","p__Firmicutes","c__Bacilli","o__Gemellales","f__","g__",NA
"539581","k__Bacteria","p__Firmicutes","c__Erysipelotrichi","o__Erysipelotrichales","f__Erysipelotrichaceae","g__[Eubacterium]",NA
"4374042","k__Bacteria","p__Deferribacteres","c__Deferribacteres","o__Deferribacterales","f__Deferribacteraceae","g__Mucispirillum",NA
"4397453","k__Bacteria","p__Proteobacteria","c__Gammaproteobacteria","o__Methylococcales","f__Methylococcaceae","g__",NA
"4340087","k__Bacteria","p__Actinobacteria","c__Actinobacteria","o__Actinomycetales","f__Sporichthyaceae","g__",NA
"811108","k__Bacteria","p__Firmicutes","c__Clostridia","o__Clostridiales","f__Lachnospiraceae","g__Syntrophococcus",NA
"320888","k__Bacteria","p__Firmicutes","c__Clostridia","o__","f__","g__",NA
"169373","k__Bacteria","p__Firmicutes","c__Clostridia","o__BSA2B-08","f__","g__",NA
"4473227","k__Bacteria","p__Actinobacteria","c__Actinobacteria","o__Actinomycetales","f__Actinomycetaceae","g__Actinomyces",NA
"545465","k__Bacteria","p__Proteobacteria","c__Betaproteobacteria","o__SC-I-84","f__","g__",NA
"19636","k__Bacteria","p__Proteobacteria","c__Betaproteobacteria","o__Nitrosomonadales","f__Nitrosomonadaceae","g__Nitrosomonas",NA
"1110065","k__Bacteria","p__Proteobacteria","c__Betaproteobacteria","o__Burkholderiales","f__Comamonadaceae","g__Rubrivivax",NA
"106188","k__Bacteria","p__Proteobacteria","c__Gammaproteobacteria","o__Pasteurellales","f__Pasteurellaceae","g__Chelonobacter",NA
"790312","k__Bacteria","p__Proteobacteria","c__Gammaproteobacteria","o__Xanthomonadales","f__Xanthomonadaceae","g__Pseudoxanthomonas",NA
"4175062","k__Bacteria","p__Proteobacteria","c__Gammaproteobacteria","o__Oceanospirillales","f__Saccharospirillaceae","g__ML110J-20",NA
"1128422","k__Bacteria","p__Firmicutes","c__Bacilli","o__Lactobacillales","f__Enterococcaceae","g__Tetragenococcus",NA
"1096610","k__Bacteria","p__Firmicutes","c__Clostridia","o__Clostridiales","f__[Tissierellaceae]","g__Finegoldia",NA
"3745960","k__Bacteria","p__Firmicutes","c__Clostridia","o__Clostridiales","f__[Tissierellaceae]","g__Sporanaerobacter",NA
"4450012","k__Bacteria","p__Actinobacteria","c__Actinobacteria","o__Actinomycetales","f__Actinomycetaceae","g__Arcanobacterium",NA
"1126009","k__Bacteria","p__Firmicutes","c__Bacilli","o__Lactobacillales","f__Leuconostocaceae","g__Weissella",NA
"4365141","k__Bacteria","p__Firmicutes","c__Bacilli","o__Lactobacillales","f__Leuconostocaceae","g__Leuconostoc",NA
"270171","k__Bacteria","p__Proteobacteria","c__Betaproteobacteria","o__MWH-UniP1","f__","g__",NA
"4369901","k__Bacteria","p__Bacteroidetes","c__Bacteroidia","o__Bacteroidales","f__[Paraprevotellaceae]","g__CF231",NA
"509989","k__Bacteria","p__Bacteroidetes","c__Bacteroidia","o__Bacteroidales","f__Bacteroidaceae","g__",NA
"272020","k__Bacteria","p__Firmicutes","c__Erysipelotrichi","o__Erysipelotrichales","f__Erysipelotrichaceae","g__Allobaculum",NA
"4397439","k__Bacteria","p__Firmicutes","c__Clostridia","o__Clostridiales","f__Veillonellaceae","g__",NA
"614583","k__Bacteria","p__Bacteroidetes","c__Sphingobacteriia","o__Sphingobacteriales","f__Sphingobacteriaceae","g__",NA
"143225","k__Bacteria","p__Proteobacteria","c__Betaproteobacteria","o__Rhodocyclales","f__Rhodocyclaceae","g__TS34",NA
"2480553","k__Bacteria","p__Fusobacteria","c__Fusobacteriia","o__Fusobacteriales","f__Leptotrichiaceae","g__Leptotrichia",NA
"3611663","k__Bacteria","p__Proteobacteria","c__Betaproteobacteria","o__Rhodocyclales","f__Rhodocyclaceae","g__Uliginosibacterium",NA
"4437142","k__Bacteria","p__Proteobacteria","c__Deltaproteobacteria","o__NB1-j","f__NB1-i","g__",NA
"4313443","k__Bacteria","p__Firmicutes","c__Clostridia","o__Clostridiales","f__Eubacteriaceae","g__Acetobacterium",NA
"4423329","k__Bacteria","p__Firmicutes","c__Clostridia","o__Clostridiales","f__Clostridiaceae","g__Caldanaerocella",NA
"7346","k__Bacteria","p__Proteobacteria","c__Betaproteobacteria","o__Burkholderiales","f__Oxalobacteraceae","g__Paucimonas",NA
"4270977","k__Bacteria","p__Proteobacteria","c__Gammaproteobacteria","o__Enterobacteriales","f__Enterobacteriaceae","g__Profftia",NA
"464694","k__Bacteria","p__Firmicutes","c__Bacilli","o__Bacillales","f__Paenibacillaceae","g__",NA
"690103","k__Bacteria","p__Firmicutes","c__Bacilli","o__Bacillales","f__Bacillaceae","g__Pontibacillus",NA
"541041","k__Bacteria","p__Acidobacteria","c__Sva0725","o__Sva0725","f__","g__",NA
"431766","k__Bacteria","p__Proteobacteria","c__Gammaproteobacteria","o__Enterobacteriales","f__Enterobacteriaceae","g__Candidatus Hamiltonella",NA
"240252","k__Bacteria","p__Proteobacteria","c__Alphaproteobacteria","o__Rhodospirillales","f__Acetobacteraceae","g__Acidocella",NA
"3800917","k__Bacteria","p__Proteobacteria","c__Betaproteobacteria","o__Methylophilales","f__Methylophilaceae","g__",NA
"3855938","k__Bacteria","p__Firmicutes","c__Erysipelotrichi","o__Erysipelotrichales","f__Erysipelotrichaceae","g__Coprobacillus",NA
"360415","k__Bacteria","p__Firmicutes","c__Clostridia","o__Clostridiales","f__[Tissierellaceae]","g__Sedimentibacter",NA
"4475144","k__Bacteria","p__Proteobacteria","c__Gammaproteobacteria","o__Enterobacteriales","f__Enterobacteriaceae","g__Erwinia",NA
"1105919","k__Bacteria","p__Proteobacteria","c__Betaproteobacteria","o__Burkholderiales","f__Oxalobacteraceae","g__Ralstonia",NA
"805469","k__Bacteria","p__Firmicutes","c__Clostridia","o__Clostridiales","f__Clostridiaceae","g__Caloramator",NA
"199403","k__Bacteria","p__Actinobacteria","c__Coriobacteriia","o__Coriobacteriales","f__Coriobacteriaceae","g__Adlercreutzia",NA
"182038","k__Bacteria","p__Fusobacteria","c__Fusobacteriia","o__Fusobacteriales","f__Fusobacteriaceae","g__Propionigenium",NA
"4390755","k__Bacteria","p__Tenericutes","c__Mollicutes","o__Anaeroplasmatales","f__Anaeroplasmataceae","g__Anaeroplasma",NA
"4356131","k__Bacteria","p__Proteobacteria","c__Betaproteobacteria","o__Methylophilales","f__Methylophilaceae","g__Methylotenera",NA
"4465158","k__Bacteria","p__Proteobacteria","c__Alphaproteobacteria","o__Sphingomonadales","f__Sphingomonadaceae","g__Kaistobacter",NA
"4421758","k__Bacteria","p__Firmicutes","c__Bacilli","o__Bacillales","f__Bacillaceae","g__Anoxybacillus",NA
"2442706","k__Bacteria","p__Firmicutes","c__Clostridia","o__Clostridiales","f__Christensenellaceae","g__",NA
"4454979","k__Bacteria","p__Proteobacteria","c__Betaproteobacteria","o__Burkholderiales","f__Comamonadaceae","g__Limnobacter",NA
"4468850","k__Bacteria","p__Actinobacteria","c__Actinobacteria","o__Actinomycetales","f__Microbacteriaceae","g__Cryocola",NA
"4413654","k__Bacteria","p__Proteobacteria","c__Gammaproteobacteria","o__Alteromonadales","f__Psychromonadaceae","g__",NA
"4321170","k__Bacteria","p__Bacteroidetes","c__Sphingobacteriia","o__Sphingobacteriales","f__Sphingobacteriaceae","g__Sphingobacterium",NA
"329437","k__Bacteria","p__Acidobacteria","c__RB25","o__","f__","g__",NA
"1754506","k__Bacteria","p__Proteobacteria","c__Gammaproteobacteria","o__Cardiobacteriales","f__Cardiobacteriaceae","g__Cardiobacterium",NA
"3138798","k__Bacteria","p__Firmicutes","c__Clostridia","o__Clostridiales","f__Veillonellaceae","g__Phascolarctobacterium",NA
"4454507","k__Bacteria","p__Firmicutes","c__Bacilli","o__Bacillales","f__Listeriaceae","g__Listeria",NA
"369668","k__Bacteria","p__Firmicutes","c__Bacilli","o__Lactobacillales","f__Aerococcaceae","g__Facklamia",NA
"4481861","k__Bacteria","p__Actinobacteria","c__Actinobacteria","o__Bifidobacteriales","f__Bifidobacteriaceae","g__",NA
"4299104","k__Bacteria","p__Proteobacteria","c__Deltaproteobacteria","o__Desulfobacterales","f__Desulfobacteraceae","g__",NA
"4466137","k__Bacteria","p__Bacteroidetes","c__Bacteroidia","o__Bacteroidales","f__Porphyromonadaceae","g__",NA
"4464495","k__Bacteria","p__Proteobacteria","c__Betaproteobacteria","o__ASSO-13","f__","g__",NA
"238607","k__Bacteria","p__Fusobacteria","c__Fusobacteriia","o__Fusobacteriales","f__Fusobacteriaceae","g__Psychrilyobacter",NA
"332634","k__Bacteria","p__Proteobacteria","c__Betaproteobacteria","o__Burkholderiales","f__Alcaligenaceae","g__Achromobacter",NA
"263149","k__Bacteria","p__Proteobacteria","c__Gammaproteobacteria","o__Alteromonadales","f__[Chromatiaceae]","g__Rheinheimera",NA
"4413917","k__Bacteria","p__Firmicutes","c__Bacilli","o__Lactobacillales","f__Carnobacteriaceae","g__Trichococcus",NA
"343415","k__Bacteria","p__Firmicutes","c__Erysipelotrichi","o__Erysipelotrichales","f__Erysipelotrichaceae","g__PSB-M-3",NA
"4426982","k__Bacteria","p__Proteobacteria","c__Betaproteobacteria","o__Burkholderiales","f__Burkholderiaceae","g__Lautropia",NA
"4461879","k__Bacteria","p__Proteobacteria","c__Gammaproteobacteria","o__Xanthomonadales","f__Xanthomonadaceae","g__Xanthomonas",NA
"798490","k__Bacteria","p__Proteobacteria","c__Betaproteobacteria","o__Neisseriales","f__Neisseriaceae","g__Vitreoscilla",NA
"744941","k__Bacteria","p__Proteobacteria","c__Gammaproteobacteria","o__Thiohalorhabdales","f__","g__",NA
"366851","k__Bacteria","p__Proteobacteria","c__Gammaproteobacteria","o__Xanthomonadales","f__Sinobacteraceae","g__",NA
"150235","k__Bacteria","p__Proteobacteria","c__Betaproteobacteria","o__Thiobacterales","f__","g__",NA
"1727150","k__Bacteria","p__Firmicutes","c__Clostridia","o__Clostridiales","f__Eubacteriaceae","g__Anaerofustis",NA
"4430952","k__Bacteria","p__Proteobacteria","c__Gammaproteobacteria","o__Xanthomonadales","f__Xanthomonadaceae","g__Stenotrophomonas",NA
"4450647","k__Bacteria","p__Proteobacteria","c__Betaproteobacteria","o__MKC10","f__","g__",NA
"366147","k__Bacteria","p__Bacteroidetes","c__Bacteroidia","o__Bacteroidales","f__[Paraprevotellaceae]","g__Paraprevotella",NA
"4454839","k__Bacteria","p__Proteobacteria","c__Gammaproteobacteria","o__Enterobacteriales","f__Enterobacteriaceae","g__Enterobacter",NA
"4384086","k__Bacteria","p__","c__","o__","f__","g__",NA
"4377104","k__Bacteria","p__Proteobacteria","c__Alphaproteobacteria","o__Rhizobiales","f__Bradyrhizobiaceae","g__",NA
"4354037","k__Bacteria","p__Proteobacteria","c__Gammaproteobacteria","o__Oceanospirillales","f__Oceanospirillaceae","g__",NA
"156646","k__Bacteria","p__Proteobacteria","c__Betaproteobacteria","o__Methylophilales","f__Methylophilaceae","g__Methylobacillus",NA
"325947","k__Bacteria","p__Proteobacteria","c__Betaproteobacteria","o__Burkholderiales","f__Oxalobacteraceae","g__",NA
"4357676","k__Bacteria","p__Proteobacteria","c__Betaproteobacteria","o__Ellin6067","f__","g__",NA
"4306262","k__Bacteria","p__Verrucomicrobia","c__Verrucomicrobiae","o__Verrucomicrobiales","f__Verrucomicrobiaceae","g__Akkermansia",NA
"3903651","k__Bacteria","p__Firmicutes","c__Clostridia","o__Clostridiales","f__Ruminococcaceae","g__Oscillospira",NA
"51114","k__Bacteria","p__Proteobacteria","c__Gammaproteobacteria","o__Pseudomonadales","f__Moraxellaceae","g__Psychrobacter",NA
"4423026","k__Bacteria","p__Proteobacteria","c__Gammaproteobacteria","o__Alteromonadales","f__Shewanellaceae","g__",NA
"584730","k__Bacteria","p__Proteobacteria","c__Gammaproteobacteria","o__Cardiobacteriales","f__Cardiobacteriaceae","g__",NA
"336986","k__Bacteria","p__Proteobacteria","c__Gammaproteobacteria","o__Alteromonadales","f__HTCC2188","g__HTCC",NA
"1634493","k__Bacteria","p__Actinobacteria","c__Actinobacteria","o__Actinomycetales","f__Nocardioidaceae","g__Aeromicrobium",NA
"728069","k__Bacteria","p__Firmicutes","c__Clostridia","o__Clostridiales","f__Lachnospiraceae","g__Marvinbryantia",NA
"4461143","k__Bacteria","p__Proteobacteria","c__Betaproteobacteria","o__Burkholderiales","f__Burkholderiaceae","g__Pandoraea",NA
"1121753","k__Bacteria","p__Firmicutes","c__Clostridia","o__Clostridiales","f__Peptostreptococcaceae","g__[Clostridium]",NA
"995149","k__Bacteria","p__Firmicutes","c__Bacilli","o__Lactobacillales","f__Aerococcaceae","g__Alloiococcus",NA
"177679","k__Bacteria","p__Bacteroidetes","c__Bacteroidia","o__Bacteroidales","f__S24-7","g__",NA
"271238","k__Bacteria","p__Proteobacteria","c__Gammaproteobacteria","o__Pseudomonadales","f__Pseudomonadaceae","g__Pseudomonas",NA
"4060501","k__Bacteria","p__Firmicutes","c__Clostridia","o__Clostridiales","f__Peptococcaceae","g__",NA
"4388067","k__Bacteria","p__Proteobacteria","c__Betaproteobacteria","o__Rhodocyclales","f__Rhodocyclaceae","g__Sterolibacterium",NA
"4439606","k__Bacteria","p__Proteobacteria","c__Gammaproteobacteria","o__Enterobacteriales","f__Enterobacteriaceae","g__Morganella",NA
"218525","k__Bacteria","p__Proteobacteria","c__Gammaproteobacteria","o__Methylococcales","f__","g__",NA
"4317136","k__Bacteria","p__Proteobacteria","c__Alphaproteobacteria","o__Rhizobiales","f__Hyphomicrobiaceae","g__",NA
"4444140","k__Bacteria","p__Bacteroidetes","c__Bacteroidia","o__Bacteroidales","f__Marinilabiaceae","g__",NA
"567840","k__Bacteria","p__Proteobacteria","c__Alphaproteobacteria","o__Rhizobiales","f__Bradyrhizobiaceae","g__Bosea",NA
"4343164","k__Bacteria","p__Verrucomicrobia","c__Verrucomicrobiae","o__Verrucomicrobiales","f__Verrucomicrobiaceae","g__",NA
"809658","k__Bacteria","p__Proteobacteria","c__Deltaproteobacteria","o__Desulfovibrionales","f__Desulfovibrionaceae","g__Desulfovibrio",NA
"4422313","k__Bacteria","p__Cyanobacteria","c__Chloroplast","o__Streptophyta","f__","g__",NA
"4315396","k__Bacteria","p__Firmicutes","c__Clostridia","o__Clostridiales","f__Peptococcaceae","g__rc4-4",NA
"3019790","k__Bacteria","p__Spirochaetes","c__[Brachyspirae]","o__[Brachyspirales]","f__Brachyspiraceae","g__Brachyspira",NA
"906051","k__Bacteria","p__Firmicutes","c__Bacilli","o__Bacillales","f__Planococcaceae","g__Rummeliibacillus",NA
"4471854","k__Bacteria","p__Firmicutes","c__Clostridia","o__Clostridiales","f__Lachnospiraceae","g__Coprococcus",NA
"4354311","k__Bacteria","p__Firmicutes","c__Bacilli","o__Lactobacillales","f__Enterococcaceae","g__Melissococcus",NA
"3111226","k__Bacteria","p__Proteobacteria","c__Deltaproteobacteria","o__Desulfobacterales","f__Desulfobacteraceae","g__Desulfococcus",NA
"177478","k__Bacteria","p__Actinobacteria","c__Coriobacteriia","o__Coriobacteriales","f__Coriobacteriaceae","g__",NA
"4393805","k__Bacteria","p__Tenericutes","c__Mollicutes","o__Mycoplasmatales","f__Mycoplasmataceae","g__",NA
"292053","k__Bacteria","p__Firmicutes","c__Erysipelotrichi","o__Erysipelotrichales","f__Erysipelotrichaceae","g__L7A_E11",NA
"3232988","k__Bacteria","p__Tenericutes","c__RF3","o__ML615J-28","f__","g__",NA
"152450","k__Archaea","p__Euryarchaeota","c__Methanobacteria","o__Methanobacteriales","f__Methanobacteriaceae","g__Methanobrevibacter",NA
"4294678","k__Bacteria","p__Proteobacteria","c__Gammaproteobacteria","o__Enterobacteriales","f__Enterobacteriaceae","g__Candidatus Regiella",NA
"333212","k__Bacteria","p__Firmicutes","c__Clostridia","o__Clostridiales","f__Peptococcaceae","g__Desulfosporosinus",NA
"2407149","k__Bacteria","p__Firmicutes","c__Clostridia","o__Clostridiales","f__Lachnospiraceae","g__Lachnospira",NA
"484439","k__Bacteria","p__Synergistetes","c__Synergistia","o__Synergistales","f__Dethiosulfovibrionaceae","g__Jonquetella",NA
"593808","k__Bacteria","p__Proteobacteria","c__Betaproteobacteria","o__Burkholderiales","f__Alcaligenaceae","g__Pigmentiphaga",NA
"534469","k__Bacteria","p__Proteobacteria","c__Gammaproteobacteria","o__Enterobacteriales","f__Enterobacteriaceae","g__Buchnera",NA
"320572","k__Bacteria","p__Proteobacteria","c__Betaproteobacteria","o__Burkholderiales","f__Comamonadaceae","g__Verminephrobacter",NA
"4347520","k__Bacteria","p__Firmicutes","c__Clostridia","o__Clostridiales","f__","g__",NA
"4368771","k__Bacteria","p__Firmicutes","c__Clostridia","o__Clostridiales","f__Veillonellaceae","g__Selenomonas",NA
"2530636","k__Bacteria","p__Firmicutes","c__Clostridia","o__Clostridiales","f__Veillonellaceae","g__Megamonas",NA
"109478","k__Bacteria","p__Firmicutes","c__Bacilli","o__Lactobacillales","f__Enterococcaceae","g__",NA
"808306","k__Bacteria","p__Firmicutes","c__Clostridia","o__Clostridiales","f__Ruminococcaceae","g__Anaerofilum",NA
"107044","k__Bacteria","p__Bacteroidetes","c__Bacteroidia","o__Bacteroidales","f__Rikenellaceae","g__Alistipes",NA
"1824908","k__Bacteria","p__Proteobacteria","c__Gammaproteobacteria","o__34P16","f__","g__",NA
"553768","k__Bacteria","p__Firmicutes","c__Bacilli","o__Bacillales","f__Planococcaceae","g__",NA
"4294449","k__Bacteria","p__Proteobacteria","c__Deltaproteobacteria","o__Desulfuromonadales","f__Geobacteraceae","g__Geobacter",NA
"560669","k__Bacteria","p__Firmicutes","c__Clostridia","o__Clostridiales","f__Gracilibacteraceae","g__Gracilibacter",NA
"2829179","k__Bacteria","p__Firmicutes","c__Clostridia","o__Clostridiales","f__Veillonellaceae","g__Acidaminococcus",NA
"3794053","k__Bacteria","p__Firmicutes","c__Clostridia","o__Clostridiales","f__Lachnospiraceae","g__Dorea",NA
"1141678","k__Bacteria","p__Proteobacteria","c__Gammaproteobacteria","o__Pseudomonadales","f__Moraxellaceae","g__Acinetobacter",NA
"3943186","k__Bacteria","p__Firmicutes","c__Clostridia","o__Clostridiales","f__Lachnospiraceae","g__Lachnobacterium",NA
"4385479","k__Bacteria","p__Proteobacteria","c__Gammaproteobacteria","o__Enterobacteriales","f__Enterobacteriaceae","g__Proteus",NA
"494971","k__Bacteria","p__Synergistetes","c__Synergistia","o__Synergistales","f__Dethiosulfovibrionaceae","g__Pyramidobacter",NA
"4454586","k__Bacteria","p__Bacteroidetes","c__Bacteroidia","o__Bacteroidales","f__[Odoribacteraceae]","g__Odoribacter",NA
"4339358","k__Bacteria","p__Proteobacteria","c__Alphaproteobacteria","o__Caulobacterales","f__Caulobacteraceae","g__",NA
"142935","k__Bacteria","p__Tenericutes","c__Mollicutes","o__Mycoplasmatales","f__Mycoplasmataceae","g__Mycoplasma",NA
"4475561","k__Bacteria","p__Proteobacteria","c__Alphaproteobacteria","o__Rhizobiales","f__Bradyrhizobiaceae","g__Bradyrhizobium",NA
"299367","k__Bacteria","p__Bacteroidetes","c__Bacteroidia","o__Bacteroidales","f__RF16","g__",NA
"191975","k__Bacteria","p__Firmicutes","c__Clostridia","o__Clostridiales","f__Eubacteriaceae","g__Pseudoramibacter_Eubacterium",NA
"1076668","k__Bacteria","p__Firmicutes","c__Bacilli","o__Lactobacillales","f__Aerococcaceae","g__",NA
"1141330","k__Bacteria","p__Fusobacteria","c__Fusobacteriia","o__Fusobacteriales","f__Fusobacteriaceae","g__u114",NA
"527059","k__Bacteria","p__Firmicutes","c__Clostridia","o__Clostridiales","f__Lachnospiraceae","g__Butyrivibrio",NA
"4436552","k__Bacteria","p__Bacteroidetes","c__Bacteroidia","o__Bacteroidales","f__Prevotellaceae","g__Prevotella",NA
"10323","k__Bacteria","p__Proteobacteria","c__Gammaproteobacteria","o__Enterobacteriales","f__Enterobacteriaceae","g__Ewingella",NA
"9498","k__Bacteria","p__Proteobacteria","c__Gammaproteobacteria","o__Pasteurellales","f__Pasteurellaceae","g__Pasteurella",NA
"4352471","k__Bacteria","p__Proteobacteria","c__Gammaproteobacteria","o__Enterobacteriales","f__Enterobacteriaceae","g__Brenneria",NA
"546609","k__Bacteria","p__Firmicutes","c__Clostridia","o__Thermoanaerobacterales","f__Thermoanaerobacteraceae","g__Moorella",NA
"15806","k__Bacteria","p__Tenericutes","c__Mollicutes","o__Mycoplasmatales","f__Mycoplasmataceae","g__Ureaplasma",NA
"306124","k__Bacteria","p__Firmicutes","c__Clostridia","o__Clostridiales","f__Veillonellaceae","g__Mitsuokella",NA
"3573134","k__Bacteria","p__Proteobacteria","c__Gammaproteobacteria","o__Alteromonadales","f__Alteromonadaceae","g__nsmpVI18",NA
"421722","k__Bacteria","p__Firmicutes","c__Bacilli","o__Bacillales","f__Bacillaceae","g__Geobacillus",NA
"552235","k__Bacteria","p__Firmicutes","c__Clostridia","o__Clostridiales","f__Christensenellaceae","g__Christensenella",NA
"4471819","k__Bacteria","p__Proteobacteria","c__Gammaproteobacteria","o__Alteromonadales","f__Colwelliaceae","g__Thalassomonas",NA
"812095","k__Bacteria","p__Proteobacteria","c__Gammaproteobacteria","o__","f__","g__",NA
"4297102","k__Bacteria","p__Fusobacteria","c__Fusobacteriia","o__Fusobacteriales","f__Fusobacteriaceae","g__",NA
"4476936","k__Bacteria","p__Firmicutes","c__Clostridia","o__Clostridiales","f__Lachnospiraceae","g__Epulopiscium",NA
"1141335","k__Bacteria","p__Proteobacteria","c__Epsilonproteobacteria","o__Campylobacterales","f__Helicobacteraceae","g__Helicobacter",NA
"4370726","k__Bacteria","p__Fusobacteria","c__Fusobacteriia","o__Fusobacteriales","f__Leptotrichiaceae","g__Streptobacillus",NA
"822382","k__Bacteria","p__Proteobacteria","c__Gammaproteobacteria","o__Alteromonadales","f__Alteromonadaceae","g__",NA
"816643","k__Bacteria","p__Proteobacteria","c__Deltaproteobacteria","o__Myxococcales","f__","g__",NA
"135993","k__Bacteria","p__Proteobacteria","c__Betaproteobacteria","o__Burkholderiales","f__Burkholderiaceae","g__Burkholderia",NA
"927238","k__Bacteria","p__Firmicutes","c__Erysipelotrichi","o__Erysipelotrichales","f__Erysipelotrichaceae","g__Erysipelothrix",NA
"278746","k__Bacteria","p__Firmicutes","c__Clostridia","o__Clostridiales","f__Gracilibacteraceae","g__",NA
"291454","k__Bacteria","p__Firmicutes","c__Clostridia","o__Clostridiales","f__Dehalobacteriaceae","g__",NA
"505670","k__Bacteria","p__Firmicutes","c__Clostridia","o__Clostridiales","f__[Tissierellaceae]","g__WAL_1855D",NA
"1139929","k__Bacteria","p__Proteobacteria","c__Gammaproteobacteria","o__Enterobacteriales","f__Enterobacteriaceae","g__Cronobacter",NA
"562956","k__Bacteria","p__Firmicutes","c__Clostridia","o__Clostridiales","f__Clostridiaceae","g__Alkaliphilus",NA
"661278","k__Bacteria","p__Firmicutes","c__Bacilli","o__Bacillales","f__Bacillaceae","g__",NA
"4476548","k__Bacteria","p__Proteobacteria","c__Alphaproteobacteria","o__Rhizobiales","f__Methylobacteriaceae","g__Methylobacterium",NA
"4470870","k__Bacteria","p__Bacteroidetes","c__Bacteroidia","o__Bacteroidales","f__[Barnesiellaceae]","g__",NA
"3757787","k__Bacteria","p__Bacteroidetes","c__Bacteroidia","o__Bacteroidales","f__Porphyromonadaceae","g__Dysgonomonas",NA
"752685","k__Bacteria","p__Firmicutes","c__Bacilli","o__Lactobacillales","f__Leuconostocaceae","g__Fructobacillus",NA
"748886","k__Bacteria","p__Fusobacteria","c__Fusobacteriia","o__Fusobacteriales","f__Fusobacteriaceae","g__Cetobacterium",NA
"834061","k__Bacteria","p__Proteobacteria","c__Gammaproteobacteria","o__Vibrionales","f__Vibrionaceae","g__Vibrio",NA
"50765","k__Bacteria","p__Bacteroidetes","c__[Saprospirae]","o__[Saprospirales]","f__Chitinophagaceae","g__Sediminibacterium",NA
"4402520","k__Bacteria","p__Proteobacteria","c__Betaproteobacteria","o__Burkholderiales","f__Comamonadaceae","g__Methylibium",NA
"714766","k__Bacteria","p__Firmicutes","c__Clostridia","o__Clostridiales","f__Lachnospiraceae","g__Moryella",NA
"9846","k__Bacteria","p__Proteobacteria","c__Gammaproteobacteria","o__Enterobacteriales","f__Enterobacteriaceae","g__Citrobacter",NA
"4476950","k__Bacteria","p__Firmicutes","c__Clostridia","o__Clostridiales","f__[Tissierellaceae]","g__Anaerococcus",NA
"4325509","k__Bacteria","p__Firmicutes","c__Clostridia","o__Clostridiales","f__Lachnospiraceae","g__Robinsoniella",NA
"327104","k__Bacteria","p__Proteobacteria","c__Deltaproteobacteria","o__Desulfobacterales","f__Desulfobulbaceae","g__",NA
"36255","k__Bacteria","p__Firmicutes","c__Bacilli","o__Gemellales","f__Gemellaceae","g__Gemella",NA
"824624","k__Bacteria","p__Firmicutes","c__Clostridia","o__Clostridiales","f__Lachnospiraceae","g__Defluviitalea",NA
"349041","k__Bacteria","p__Proteobacteria","c__Alphaproteobacteria","o__Rhizobiales","f__Rhizobiaceae","g__Shinella",NA
"4405546","k__Bacteria","p__Proteobacteria","c__Betaproteobacteria","o__Neisseriales","f__Neisseriaceae","g__Pseudogulbenkiania",NA
"1696853","k__Bacteria","p__Firmicutes","c__Bacilli","o__Lactobacillales","f__Carnobacteriaceae","g__Granulicatella",NA
"317819","k__Bacteria","p__Proteobacteria","c__Betaproteobacteria","o__Burkholderiales","f__Oxalobacteraceae","g__Polynucleobacter",NA
"523577","k__Bacteria","p__Firmicutes","c__Clostridia","o__Clostridiales","f__[Tissierellaceae]","g__Gallicola",NA
"510210","k__Bacteria","p__Proteobacteria","c__Gammaproteobacteria","o__Alteromonadales","f__OM60","g__",NA
"4295773","k__Bacteria","p__Proteobacteria","c__Betaproteobacteria","o__EC94","f__","g__",NA
"285068","k__Bacteria","p__Proteobacteria","c__Betaproteobacteria","o__Neisseriales","f__Neisseriaceae","g__Aquitalea",NA
"4442127","k__Bacteria","p__Proteobacteria","c__Epsilonproteobacteria","o__Campylobacterales","f__Campylobacteraceae","g__Campylobacter",NA
"4483046","k__Bacteria","p__Bacteroidetes","c__Bacteroidia","o__Bacteroidales","f__[Odoribacteraceae]","g__Butyricimonas",NA
"114644","k__Bacteria","p__Tenericutes","c__Mollicutes","o__RsaHF231","f__","g__",NA
"687792","k__Bacteria","p__Proteobacteria","c__Gammaproteobacteria","o__Enterobacteriales","f__Enterobacteriaceae","g__Trabulsiella",NA
"3369303","k__Bacteria","p__Firmicutes","c__Clostridia","o__Clostridiales","f__[Mogibacteriaceae]","g__",NA
"567864","k__Bacteria","p__Firmicutes","c__Bacilli","o__Bacillales","f__","g__",NA
"4459671","k__Bacteria","p__Spirochaetes","c__Spirochaetes","o__Spirochaetales","f__Spirochaetaceae","g__Treponema",NA
"1144180","k__Bacteria","p__Actinobacteria","c__Actinobacteria","o__Bifidobacteriales","f__Bifidobacteriaceae","g__Aeriscardovia",NA
"573240","k__Bacteria","p__Proteobacteria","c__Betaproteobacteria","o__Thiobacterales","f__Thiobacteraceae","g__Thiobacter",NA
"4453998","k__Bacteria","p__Proteobacteria","c__Betaproteobacteria","o__Burkholderiales","f__Comamonadaceae","g__Comamonas",NA
"852179","k__Bacteria","p__Proteobacteria","c__Betaproteobacteria","o__Rhodocyclales","f__Rhodocyclaceae","g__Candidatus Accumulibacter",NA
"4480392","k__Bacteria","p__Proteobacteria","c__Gammaproteobacteria","o__Aeromonadales","f__Aeromonadaceae","g__Zobellella",NA
"4335746","k__Bacteria","p__Proteobacteria","c__Gammaproteobacteria","o__Enterobacteriales","f__Enterobacteriaceae","g__Sodalis",NA
"2605222","k__Bacteria","p__Firmicutes","c__Clostridia","o__Clostridiales","f__Veillonellaceae","g__Pectinatus",NA
"4448331","k__Bacteria","p__Proteobacteria","c__Gammaproteobacteria","o__Enterobacteriales","f__Enterobacteriaceae","g__",NA
"176868","k__Bacteria","p__Firmicutes","c__Clostridia","o__Clostridiales","f__Dehalobacteriaceae","g__Dehalobacterium",NA
"495451","k__Bacteria","p__Bacteroidetes","c__Bacteroidia","o__Bacteroidales","f__Porphyromonadaceae","g__Porphyromonas",NA
"528533","k__Bacteria","p__Firmicutes","c__Clostridia","o__Natranaerobiales","f__Anaerobrancaceae","g__A55_D21",NA
"4447105","k__Bacteria","p__Proteobacteria","c__Betaproteobacteria","o__Rhodocyclales","f__Rhodocyclaceae","g__Zoogloea",NA
"836308","k__Bacteria","p__Proteobacteria","c__Gammaproteobacteria","o__Enterobacteriales","f__Enterobacteriaceae","g__Plesiomonas",NA
"113417","k__Bacteria","p__Proteobacteria","c__Deltaproteobacteria","o__Desulfovibrionales","f__Desulfovibrionaceae","g__",NA
"125235","k__Bacteria","p__Proteobacteria","c__Betaproteobacteria","o__Neisseriales","f__Neisseriaceae","g__Kingella",NA
"14250","k__Bacteria","p__Firmicutes","c__Clostridia","o__Clostridiales","f__Clostridiaceae","g__Caloranaerobacter",NA
"672471","k__Bacteria","p__Proteobacteria","c__Deltaproteobacteria","o__Syntrophobacterales","f__Syntrophobacteraceae","g__",NA
"15076","k__Bacteria","p__Firmicutes","c__Bacilli","o__Lactobacillales","f__Aerococcaceae","g__Aerococcus",NA
"142988","k__Bacteria","p__Bacteroidetes","c__Bacteroidia","o__Bacteroidales","f__","g__",NA
"10960","k__Bacteria","p__Proteobacteria","c__Epsilonproteobacteria","o__Campylobacterales","f__Helicobacteraceae","g__Flexispira",NA
"4393019","k__Bacteria","p__Firmicutes","c__Clostridia","o__Clostridiales","f__Lachnospiraceae","g__Catonella",NA
"4446058","k__Bacteria","p__Firmicutes","c__Bacilli","o__Bacillales","f__Staphylococcaceae","g__Staphylococcus",NA
"190026","k__Bacteria","p__Bacteroidetes","c__Bacteroidia","o__Bacteroidales","f__Rikenellaceae","g__AF12",NA
"4471435","k__Bacteria","p__Firmicutes","c__Bacilli","o__Bacillales","f__Sporolactobacillaceae","g__Sporolactobacillus",NA
"4482362","k__Bacteria","p__Proteobacteria","c__Gammaproteobacteria","o__Alteromonadales","f__[Chromatiaceae]","g__Alkalimonas",NA
"1124040","k__Bacteria","p__Proteobacteria","c__Betaproteobacteria","o__Procabacteriales","f__Procabacteriaceae","g__",NA
"29566","k__Bacteria","p__Fusobacteria","c__Fusobacteriia","o__Fusobacteriales","f__Leptotrichiaceae","g__Sneathia",NA
"288040","k__Bacteria","p__Firmicutes","c__Bacilli","o__Bacillales","f__Planococcaceae","g__Sporosarcina",NA
"319708","k__Bacteria","p__Firmicutes","c__Clostridia","o__Clostridiales","f__Clostridiaceae","g__SMB53",NA
"4478426","k__Bacteria","p__Bacteroidetes","c__Flavobacteriia","o__Flavobacteriales","f__[Weeksellaceae]","g__Chryseobacterium",NA
"524640","k__Bacteria","p__Firmicutes","c__Clostridia","o__Thermoanaerobacterales","f__","g__",NA
"744029","k__Bacteria","p__Proteobacteria","c__Gammaproteobacteria","o__Enterobacteriales","f__Enterobacteriaceae","g__Pragia",NA
"55750","k__Bacteria","p__Actinobacteria","c__Actinobacteria","o__Actinomycetales","f__","g__",NA
"4307230","k__Bacteria","p__Synergistetes","c__Synergistia","o__Synergistales","f__Dethiosulfovibrionaceae","g__TG5",NA
"240008","k__Bacteria","p__Firmicutes","c__Clostridia","o__OPB54","f__","g__",NA
"1126763","k__Bacteria","p__Proteobacteria","c__Betaproteobacteria","o__Burkholderiales","f__Comamonadaceae","g__Giesbergeria",NA
"641332","k__Bacteria","p__Firmicutes","c__Bacilli","o__Bacillales","f__Sporolactobacillaceae","g__",NA
"3132417","k__Bacteria","p__Firmicutes","c__Bacilli","o__Bacillales","f__Bacillaceae","g__Halobacillus",NA
"1145098","k__Bacteria","p__Firmicutes","c__Clostridia","o__Clostridiales","f__Lachnospiraceae","g__Ruminococcus",NA
"4425214","k__Bacteria","p__Firmicutes","c__Bacilli","o__Lactobacillales","f__Streptococcaceae","g__Streptococcus",NA
"237288","k__Bacteria","p__Firmicutes","c__Clostridia","o__Clostridiales","f__Veillonellaceae","g__Schwartzia",NA
"2595307","k__Bacteria","p__Firmicutes","c__Clostridia","o__Natranaerobiales","f__","g__",NA
"4310395","k__Bacteria","p__Firmicutes","c__Clostridia","o__Clostridiales","f__Lachnospiraceae","g__Oribacterium",NA
"325850","k__Bacteria","p__Proteobacteria","c__Alphaproteobacteria","o__RF32","f__","g__",NA
"509244","k__Bacteria","p__Proteobacteria","c__Betaproteobacteria","o__Thiobacterales","f__Thiobacteraceae","g__",NA
"519353","k__Bacteria","p__Firmicutes","c__Clostridia","o__Clostridiales","f__Clostridiaceae","g__Proteiniclasticum",NA
"4456068","k__Bacteria","p__Proteobacteria","c__Betaproteobacteria","o__Burkholderiales","f__Comamonadaceae","g__Variovorax",NA
"342283","k__Bacteria","p__Proteobacteria","c__Betaproteobacteria","o__Burkholderiales","f__Comamonadaceae","g__Polaromonas",NA
"104135","k__Bacteria","p__Actinobacteria","c__Actinobacteria","o__Actinomycetales","f__Actinomycetaceae","g__Mobiluncus",NA
"4395995","k__Bacteria","p__Proteobacteria","c__Betaproteobacteria","o__Burkholderiales","f__Comamonadaceae","g__Ramlibacter",NA
"3624656","k__Bacteria","p__Firmicutes","c__Clostridia","o__Clostridiales","f__Gracilibacteraceae","g__Lutispora",NA
"4425688","k__Bacteria","p__Proteobacteria","c__Alphaproteobacteria","o__Rhizobiales","f__Xanthobacteraceae","g__",NA
"541691","k__Bacteria","p__Proteobacteria","c__Gammaproteobacteria","o__Alteromonadales","f__Alteromonadaceae","g__Spongiibacter",NA
"758523","k__Bacteria","p__Proteobacteria","c__Gammaproteobacteria","o__Aeromonadales","f__Aeromonadaceae","g__Oceanimonas",NA
"4477696","k__Bacteria","p__Proteobacteria","c__Gammaproteobacteria","o__Pasteurellales","f__Pasteurellaceae","g__Haemophilus",NA
"288362","k__Bacteria","p__Firmicutes","c__Clostridia","o__Clostridiales","f__Ruminococcaceae","g__",NA
"352839","k__Bacteria","p__Bacteroidetes","c__Cytophagia","o__Cytophagales","f__Cyclobacteriaceae","g__",NA
"4332878","k__Bacteria","p__Actinobacteria","c__Coriobacteriia","o__Coriobacteriales","f__Coriobacteriaceae","g__Slackia",NA
"4412575","k__Bacteria","p__Firmicutes","c__Clostridia","o__Clostridiales","f__Ruminococcaceae","g__Cellulosibacter",NA
"931643","k__Bacteria","p__Proteobacteria","c__Betaproteobacteria","o__Burkholderiales","f__Comamonadaceae","g__Acidovorax",NA
"145801","k__Bacteria","p__Firmicutes","c__Erysipelotrichi","o__Erysipelotrichales","f__Erysipelotrichaceae","g__",NA
"4334053","k__Bacteria","p__Proteobacteria","c__Gammaproteobacteria","o__Pseudomonadales","f__Moraxellaceae","g__",NA
"3746876","k__Bacteria","p__Proteobacteria","c__Alphaproteobacteria","o__Rickettsiales","f__mitochondria","g__Carludovica",NA
"290686","k__Bacteria","p__Verrucomicrobia","c__Opitutae","o__[Cerasicoccales]","f__[Cerasicoccaceae]","g__",NA
"289933","k__Bacteria","p__Firmicutes","c__Bacilli","o__Lactobacillales","f__","g__",NA
"586275","k__Bacteria","p__Acidobacteria","c__iii1-8","o__DS-18","f__","g__",NA
"4476609","k__Bacteria","p__Actinobacteria","c__Actinobacteria","o__Actinomycetales","f__Micrococcaceae","g__Rothia",NA
"4476604","k__Bacteria","p__Firmicutes","c__Clostridia","o__Clostridiales","f__Lachnospiraceae","g__[Ruminococcus]",NA
"138436","k__Bacteria","p__Firmicutes","c__Clostridia","o__Clostridiales","f__Peptococcaceae","g__Pelotomaculum",NA
"164822","k__Bacteria","p__Proteobacteria","c__Gammaproteobacteria","o__Aeromonadales","f__Aeromonadaceae","g__",NA
"1108877","k__Bacteria","p__Proteobacteria","c__Gammaproteobacteria","o__Vibrionales","f__Vibrionaceae","g__Salinivibrio",NA
"4342104","k__Bacteria","p__Firmicutes","c__Clostridia","o__Clostridiales","f__Ruminococcaceae","g__Anaerotruncus",NA
"295785","k__Bacteria","p__Acidobacteria","c__Holophagae","o__Holophagales","f__","g__",NA
"810754","k__Bacteria","p__Firmicutes","c__Clostridia","o__Clostridiales","f__[Tissierellaceae]","g__",NA
"719098","k__Bacteria","p__Firmicutes","c__Clostridia","o__Clostridiales","f__Lachnospiraceae","g__Hespellia",NA
"4479288","k__Bacteria","p__Proteobacteria","c__Alphaproteobacteria","o__Rhizobiales","f__Rhizobiaceae","g__Agrobacterium",NA
"511068","k__Bacteria","p__Proteobacteria","c__Betaproteobacteria","o__SBla14","f__","g__",NA
"4379732","k__Bacteria","p__Proteobacteria","c__Betaproteobacteria","o__Burkholderiales","f__Comamonadaceae","g__Pelomonas",NA
"523751","k__Bacteria","p__Proteobacteria","c__Gammaproteobacteria","o__Aeromonadales","f__Succinivibrionaceae","g__Ruminobacter",NA
"1111998","k__Bacteria","p__Proteobacteria","c__Betaproteobacteria","o__Nitrosomonadales","f__Nitrosomonadaceae","g__Nitrosovibrio",NA
"4458619","k__Bacteria","p__Actinobacteria","c__Actinobacteria","o__Actinomycetales","f__Dermacoccaceae","g__Dermacoccus",NA
"4473664","k__Bacteria","p__Firmicutes","c__Clostridia","o__Clostridiales","f__Peptostreptococcaceae","g__Peptostreptococcus",NA
"4434451","k__Bacteria","p__Firmicutes","c__Clostridia","o__Clostridiales","f__Caldicoprobacteraceae","g__Caldicoprobacter",NA
"4330849","k__Bacteria","p__SR1","c__","o__","f__","g__",NA
"1108502","k__Bacteria","p__Proteobacteria","c__Betaproteobacteria","o__Gallionellales","f__Gallionellaceae","g__Gallionella",NA
"209523","k__Bacteria","p__Acidobacteria","c__Solibacteres","o__Solibacterales","f__","g__",NA
"4429557","k__Bacteria","p__Firmicutes","c__Bacilli","o__Lactobacillales","f__Lactobacillaceae","g__",NA
"2136916","k__Bacteria","p__Lentisphaerae","c__[Lentisphaeria]","o__Victivallales","f__Victivallaceae","g__Victivallis",NA
"805470","k__Bacteria","p__Proteobacteria","c__Betaproteobacteria","o__Nitrosomonadales","f__","g__",NA
"4451251","k__Bacteria","p__Actinobacteria","c__Coriobacteriia","o__Coriobacteriales","f__Coriobacteriaceae","g__Atopobium",NA
"4249232","k__Bacteria","p__Proteobacteria","c__Gammaproteobacteria","o__Alteromonadales","f__Alteromonadaceae","g__Cellvibrio",NA
"111121","k__Bacteria","p__Firmicutes","c__Bacilli","o__Bacillales","f__Bacillaceae","g__Bacillus",NA
"755148","k__Bacteria","p__Firmicutes","c__Clostridia","o__Clostridiales","f__[Tissierellaceae]","g__1-68",NA
"748564","k__Bacteria","p__Firmicutes","c__Bacilli","o__Bacillales","f__Planococcaceae","g__Ureibacillus",NA
"341548","k__Bacteria","p__Proteobacteria","c__Betaproteobacteria","o__Burkholderiales","f__Oxalobacteraceae","g__Collimonas",NA
"4366724","k__Bacteria","p__Proteobacteria","c__Betaproteobacteria","o__Rhodocyclales","f__Rhodocyclaceae","g__C39",NA
"964363","k__Bacteria","p__Firmicutes","c__Clostridia","o__Clostridiales","f__[Tissierellaceae]","g__ph2",NA
"2941399","k__Bacteria","p__Synergistetes","c__Synergistia","o__Synergistales","f__Synergistaceae","g__Synergistes",NA
"365127","k__Bacteria","p__Firmicutes","c__Clostridia","o__Clostridiales","f__Peptococcaceae","g__Desulfotomaculum",NA
"4347159","k__Bacteria","p__Actinobacteria","c__Actinobacteria","o__Bifidobacteriales","f__Bifidobacteriaceae","g__Bifidobacterium",NA
"2611208","k__Bacteria","p__Firmicutes","c__Bacilli","o__Bacillales","f__Paenibacillaceae","g__Paenibacillus",NA
"4481613","k__Bacteria","p__Actinobacteria","c__Coriobacteriia","o__Coriobacteriales","f__Coriobacteriaceae","g__Collinsella",NA
"553643","k__Bacteria","p__Acidobacteria","c__Holophagae","o__Holophagales","f__Holophagaceae","g__Geothrix",NA
"10298","k__Bacteria","p__Proteobacteria","c__Gammaproteobacteria","o__Enterobacteriales","f__Enterobacteriaceae","g__Xenorhabdus",NA
"663258","k__Bacteria","p__Proteobacteria","c__Gammaproteobacteria","o__Alteromonadales","f__Shewanellaceae","g__Shewanella",NA
"806852","k__Bacteria","p__Bacteroidetes","c__Bacteroidia","o__Bacteroidales","f__[Paraprevotellaceae]","g__YRC22",NA
"4411875","k__Bacteria","p__Actinobacteria","c__Actinobacteria","o__Bifidobacteriales","f__Bifidobacteriaceae","g__Scardovia",NA
"589754","k__Bacteria","p__Proteobacteria","c__Gammaproteobacteria","o__Cardiobacteriales","f__","g__",NA
"4355719","k__Bacteria","p__Proteobacteria","c__Gammaproteobacteria","o__PYR10d3","f__","g__",NA
"156434","k__Bacteria","p__Proteobacteria","c__Gammaproteobacteria","o__Chromatiales","f__","g__",NA
"4294965","k__Bacteria","p__Proteobacteria","c__Betaproteobacteria","o__Burkholderiales","f__","g__",NA
"2982549","k__Bacteria","p__Proteobacteria","c__Deltaproteobacteria","o__Desulfovibrionales","f__Desulfohalobiaceae","g__",NA
"541079","k__Bacteria","p__Firmicutes","c__Clostridia","o__Clostridiales","f__Peptococcaceae","g__Dehalobacter_Syntrophobotulus",NA
"4358665","k__Bacteria","p__Tenericutes","c__Mollicutes","o__","f__","g__",NA
"1048020","k__Bacteria","p__Bacteroidetes","c__Bacteroidia","o__Bacteroidales","f__Rikenellaceae","g__Rikenella",NA
"15728","k__Bacteria","p__Firmicutes","c__Erysipelotrichi","o__Erysipelotrichales","f__Erysipelotrichaceae","g__Holdemania",NA
"4480952","k__Bacteria","p__Proteobacteria","c__Betaproteobacteria","o__Burkholderiales","f__Oxalobacteraceae","g__Janthinobacterium",NA
"4314697","k__Bacteria","p__Firmicutes","c__Clostridia","o__Clostridiales","f__[Acidaminobacteraceae]","g__Fusibacter",NA
"836693","k__Bacteria","p__Firmicutes","c__Clostridia","o__SHA-98","f__","g__",NA
"731367","k__Bacteria","p__Firmicutes","c__Clostridia","o__Clostridiales","f__Veillonellaceae","g__Anaerosinus",NA
"4395175","k__Bacteria","p__Proteobacteria","c__Betaproteobacteria","o__Neisseriales","f__Neisseriaceae","g__Conchiformibius",NA
"4425368","k__Bacteria","p__Firmicutes","c__Clostridia","o__Clostridiales","f__Veillonellaceae","g__Megasphaera",NA
"4453609","k__Bacteria","p__Bacteroidetes","c__Bacteroidia","o__Bacteroidales","f__Rikenellaceae","g__",NA
"322033","k__Bacteria","p__Proteobacteria","c__Gammaproteobacteria","o__Enterobacteriales","f__Enterobacteriaceae","g__Pantoea",NA
"4481801","k__Bacteria","p__Proteobacteria","c__Gammaproteobacteria","o__Thiotrichales","f__Piscirickettsiaceae","g__",NA
"2147801","k__Archaea","p__Euryarchaeota","c__Halobacteria","o__Halobacteriales","f__Halobacteriaceae","g__",NA
"4472050","k__Bacteria","p__Actinobacteria","c__Actinobacteria","o__Actinomycetales","f__Actinomycetaceae","g__",NA
"4479606","k__Bacteria","p__Actinobacteria","c__Actinobacteria","o__Actinomycetales","f__Microbacteriaceae","g__Agromyces",NA
"4479602","k__Bacteria","p__Bacteroidetes","c__Bacteroidia","o__Bacteroidales","f__Porphyromonadaceae","g__Tannerella",NA
"2211108","k__Bacteria","p__Proteobacteria","c__Alphaproteobacteria","o__Caulobacterales","f__Caulobacteraceae","g__Brevundimonas",NA
"4438565","k__Bacteria","p__Proteobacteria","c__Gammaproteobacteria","o__Pseudomonadales","f__Pseudomonadaceae","g__",NA
"359872","k__Bacteria","p__Proteobacteria","c__Deltaproteobacteria","o__Desulfovibrionales","f__Desulfovibrionaceae","g__Bilophila",NA
"269386","k__Bacteria","p__Cyanobacteria","c__4C0d-2","o__YS2","f__","g__",NA
"4484389","k__Bacteria","p__Proteobacteria","c__Betaproteobacteria","o__Neisseriales","f__Neisseriaceae","g__Bergeriella",NA
"1132942","k__Bacteria","p__Firmicutes","c__Clostridia","o__Clostridiales","f__Ruminococcaceae","g__Butyricicoccus",NA
"1105712","k__Bacteria","p__Proteobacteria","c__Gammaproteobacteria","o__Thiotrichales","f__Thiotrichaceae","g__Leucothrix",NA
"553623","k__Bacteria","p__Actinobacteria","c__Actinobacteria","o__Actinomycetales","f__Dietziaceae","g__Dietzia",NA
"708925","k__Bacteria","p__Proteobacteria","c__Gammaproteobacteria","o__Pasteurellales","f__Pasteurellaceae","g__Gallibacterium",NA
"816064","k__Bacteria","p__Proteobacteria","c__Betaproteobacteria","o__Burkholderiales","f__Comamonadaceae","g__",NA
"4467035","k__Bacteria","p__Proteobacteria","c__Gammaproteobacteria","o__Aeromonadales","f__Aeromonadaceae","g__Tolumonas",NA
"918577","k__Bacteria","p__Firmicutes","c__Clostridia","o__Clostridiales","f__Clostridiaceae","g__Geosporobacter_Thermotalea",NA
"4371866","k__Bacteria","p__Proteobacteria","c__Betaproteobacteria","o__Burkholderiales","f__Comamonadaceae","g__Hydrogenophaga",NA
"4429335","k__Bacteria","p__Firmicutes","c__Clostridia","o__Clostridiales","f__[Tissierellaceae]","g__Peptoniphilus",NA
"4311620","k__Bacteria","p__Firmicutes","c__Clostridia","o__Clostridiales","f__EtOH8","g__",NA
"4428313","k__Bacteria","p__Firmicutes","c__Bacilli","o__Lactobacillales","f__Lactobacillaceae","g__Lactobacillus",NA
